Age,Attrition,Non-Travel,Travel_Frequently,Travel_Rarely,DailyRate,Human Resources,Research & Development,Sales,DistanceFromHome,Education,Technical Degree,Marketing,Medical,Other,Life Sciences,EnvironmentSatisfaction,Male,Female,HourlyRate,JobInvolvement,JobLevel,Research Director,Sales Representative,Manager,Healthcare Representative,Manufacturing Director,Laboratory Technician,Research Scientist,Sales Executive,JobSatisfaction,MaritalStatusDivorced,MaritalStatusMarried,MaritalStatusSingle,MonthlyIncome,MonthlyRate,NumCompaniesWorked,OvertimeNo,OvertimeYes,PercentSalaryHike,PerformanceRating,RelationshipSatisfaction,StandardHours,StockOptionLevel,TotalWorkingYears,TrainingTimesLastYear,WorkLifeBalance,YearsAtCompany,YearsInCurrentRole,YearsSinceLastPromotion,YearsWithCurrManager
40,1,0,0,1,575,0,0,1,22,2,0,1,0,0,0,3,1,0,68,2,2,0,0,0,0,0,0,0,1,3,0,1,0,6380,6110,2,0,1,12,3,1,80,2,8,6,3,6,4,1,0
31,0,1,0,0,976,0,1,0,3,2,0,0,1,0,0,3,1,0,48,3,1,0,0,0,0,0,0,1,0,1,1,0,0,3065,3995,1,0,1,13,3,4,80,1,4,3,4,4,2,2,3
58,1,0,0,1,289,0,1,0,2,3,1,0,0,0,0,4,1,0,51,3,1,0,0,0,0,0,0,1,0,3,0,0,1,2479,26227,4,1,0,24,4,1,80,0,7,4,3,1,0,0,0
35,1,0,1,0,662,0,0,1,18,4,0,1,0,0,0,4,0,1,67,3,2,0,0,0,0,0,0,0,1,3,0,1,0,4614,23288,0,0,1,18,3,3,80,1,5,0,2,4,2,3,2
42,0,0,0,1,691,0,0,1,8,4,0,1,0,0,0,3,1,0,48,3,2,0,0,0,0,0,0,0,1,2,0,1,0,6825,21173,0,1,0,11,3,4,80,1,10,2,3,9,7,4,2
52,1,0,0,1,1030,0,0,1,5,3,0,0,0,0,1,2,1,0,64,3,3,0,0,0,0,0,0,0,1,2,0,0,1,8446,21534,9,0,1,19,3,3,80,0,10,2,2,8,7,7,7
36,0,0,1,0,1467,0,0,1,11,2,1,0,0,0,0,2,0,1,92,3,3,0,0,0,0,0,0,0,1,4,0,1,0,9738,22952,0,1,0,14,3,3,80,1,10,6,3,9,7,2,8
38,0,0,0,1,130,0,0,1,2,2,0,1,0,0,0,4,1,0,32,3,3,0,0,0,0,0,0,0,1,2,0,0,1,7351,20619,7,1,0,16,3,3,80,0,10,2,3,1,0,0,0
28,1,0,0,1,890,0,1,0,2,4,0,0,1,0,0,3,1,0,46,3,1,0,0,0,0,0,0,1,0,3,0,0,1,4382,16374,6,1,0,17,3,4,80,0,5,3,2,2,2,2,1
38,0,0,1,0,1189,0,1,0,1,3,0,0,0,0,1,4,1,0,90,3,2,0,0,0,0,0,0,1,0,4,0,1,0,4735,9867,7,1,0,15,3,4,80,2,19,4,4,13,11,2,9
54,0,1,0,0,142,1,0,0,26,3,0,0,0,0,0,4,0,1,30,4,4,0,0,1,0,0,0,0,0,4,0,0,1,17328,13871,2,0,1,12,3,3,80,0,23,3,3,5,3,4,4
21,1,0,0,1,1427,0,1,0,18,1,0,0,0,1,0,4,0,1,65,3,1,0,0,0,0,0,0,1,0,4,0,0,1,2693,8870,1,1,0,19,3,1,80,0,1,3,2,1,0,0,0
29,1,0,0,1,992,0,1,0,1,3,1,0,0,0,0,3,1,0,85,3,1,0,0,0,0,0,0,1,0,3,0,0,1,2058,19757,0,1,0,14,3,4,80,0,7,1,2,6,2,1,5
33,1,0,1,0,827,0,1,0,29,4,0,0,1,0,0,1,0,1,54,2,2,0,0,0,0,0,0,1,0,3,0,0,1,4508,3129,1,1,0,22,4,2,80,0,14,4,3,13,7,3,8
42,0,0,0,1,1332,0,1,0,2,4,0,0,0,1,0,1,1,0,98,2,2,0,0,0,1,0,0,0,0,4,0,0,1,6781,17078,3,1,0,23,4,2,80,0,14,6,3,1,0,0,0
54,0,0,0,1,1147,0,0,1,3,3,0,1,0,0,0,4,0,1,52,3,2,0,0,0,0,0,0,0,1,1,0,1,0,5940,17011,2,1,0,14,3,4,80,1,16,4,3,6,2,0,5
19,1,0,0,1,303,0,1,0,2,3,0,0,0,0,1,2,1,0,47,2,1,0,0,0,0,0,1,0,0,4,0,0,1,1102,9241,1,1,0,22,4,3,80,0,1,3,2,1,0,1,0
44,0,1,0,0,981,0,1,0,5,3,0,0,0,0,1,3,1,0,90,2,1,0,0,0,0,0,1,0,0,3,0,0,1,3162,7973,3,1,0,14,3,4,80,0,7,5,3,5,2,0,3
54,0,0,0,1,155,0,1,0,9,2,0,0,0,0,1,1,0,1,67,3,2,0,0,0,0,0,0,1,0,3,0,1,0,2897,22474,3,1,0,11,3,3,80,2,9,6,2,4,3,2,3
31,1,0,1,0,754,0,0,1,26,4,0,1,0,0,0,1,1,0,63,3,2,0,0,0,0,0,0,0,1,4,0,1,0,5617,21075,1,0,1,11,3,3,80,0,10,4,3,10,7,0,8
32,0,0,1,0,1316,0,1,0,2,2,0,0,0,0,1,4,0,1,38,3,2,0,0,0,0,0,0,1,0,3,0,0,1,4998,2338,4,0,1,14,3,4,80,0,10,2,3,8,7,0,7
26,1,0,0,1,471,0,1,0,24,3,1,0,0,0,0,3,1,0,66,1,1,0,0,0,0,0,1,0,0,4,0,0,1,2340,23213,1,0,1,18,3,2,80,0,1,3,1,1,0,0,0
47,1,0,1,0,719,0,0,1,27,2,0,0,0,0,1,2,0,1,77,4,2,0,0,0,0,0,0,0,1,3,0,0,1,6397,10339,4,0,1,12,3,4,80,0,8,2,3,5,4,1,3
21,0,0,0,1,984,0,1,0,1,1,1,0,0,0,0,4,0,1,70,2,1,0,0,0,0,0,0,1,0,2,0,0,1,2070,25326,1,0,1,11,3,3,80,0,2,6,4,2,2,2,2
31,1,0,0,1,1079,0,0,1,16,4,0,1,0,0,0,1,1,0,70,3,3,0,0,0,0,0,0,0,1,3,0,1,0,8161,19002,2,1,0,13,3,1,80,3,10,2,3,1,0,0,0
29,1,0,0,1,318,0,1,0,8,4,0,0,0,1,0,2,1,0,77,1,1,0,0,0,0,0,1,0,0,1,0,1,0,2119,4759,1,0,1,11,3,4,80,0,7,4,2,7,7,0,7
31,0,0,1,0,163,0,1,0,24,1,1,0,0,0,0,4,0,1,30,3,2,0,0,0,0,1,0,0,0,4,0,0,1,5238,6670,2,1,0,20,4,4,80,0,9,3,2,5,4,1,4
40,1,0,0,1,1329,0,1,0,7,3,0,0,0,0,1,1,1,0,73,3,1,0,0,0,0,0,1,0,0,1,0,0,1,2166,3339,3,0,1,14,3,2,80,0,10,3,1,4,2,0,3
28,0,1,0,0,120,0,0,1,4,3,0,0,1,0,0,2,1,0,43,3,2,0,0,0,0,0,0,0,1,3,0,1,0,4221,8863,1,1,0,15,3,2,80,0,5,3,4,5,4,0,4
45,0,0,0,1,1385,0,1,0,20,2,0,0,1,0,0,3,1,0,79,3,4,0,0,0,1,0,0,0,0,4,0,1,0,13496,7501,0,0,1,14,3,2,80,0,21,2,3,20,7,4,10
20,1,0,0,1,1097,0,1,0,11,3,0,0,1,0,0,4,0,1,98,2,1,0,0,0,0,0,0,1,0,1,0,0,1,2600,18275,1,0,1,15,3,1,80,0,1,2,3,1,0,0,0
36,0,0,0,1,1174,0,0,1,3,4,0,1,0,0,0,1,0,1,99,3,2,0,0,0,0,0,0,0,1,2,0,0,1,9278,20763,3,0,1,16,3,4,80,0,15,3,3,5,4,0,1
29,1,0,1,0,459,0,1,0,24,2,0,0,0,0,1,4,1,0,73,2,1,0,0,0,0,0,0,1,0,4,0,0,1,2439,14753,1,0,1,24,4,2,80,0,1,3,2,1,0,1,0
42,0,0,0,1,319,0,1,0,24,3,0,0,1,0,0,4,1,0,56,3,3,0,0,0,0,1,0,0,0,1,0,1,0,7406,6950,1,0,1,21,4,4,80,1,10,5,2,10,9,5,8
35,0,0,0,1,1276,0,1,0,16,3,0,0,0,0,1,4,1,0,72,3,3,0,0,0,1,0,0,0,0,3,0,1,0,7632,14295,4,0,1,12,3,3,80,0,10,2,3,8,7,0,0
54,0,0,1,0,966,0,1,0,1,4,0,0,0,0,1,4,0,1,53,3,3,0,0,0,0,1,0,0,0,3,1,0,0,10502,9659,7,1,0,17,3,1,80,1,33,2,1,5,4,1,4
42,0,0,0,1,1142,0,1,0,8,3,0,0,0,0,1,4,1,0,81,3,1,0,0,0,0,0,1,0,0,3,0,0,1,3968,13624,4,1,0,13,3,4,80,0,8,3,3,0,0,0,0
56,1,0,0,1,1162,0,1,0,24,2,0,0,0,0,1,1,1,0,97,3,1,0,0,0,0,0,1,0,0,4,0,0,1,2587,10261,1,1,0,16,3,4,80,0,5,3,3,4,2,1,0
31,0,0,0,1,1112,0,0,1,5,4,0,0,0,0,1,1,0,1,67,3,2,0,0,0,0,0,0,0,1,4,0,1,0,5476,22589,1,1,0,11,3,1,80,2,10,2,3,10,0,0,2
44,0,1,0,0,381,0,1,0,24,3,0,0,1,0,0,1,1,0,49,1,1,0,0,0,0,0,1,0,0,3,0,0,1,3708,2104,2,1,0,14,3,3,80,0,9,5,3,5,2,1,4
28,1,0,0,1,103,0,1,0,24,3,0,0,0,0,1,3,1,0,50,2,1,0,0,0,0,0,1,0,0,3,0,0,1,2028,12947,5,0,1,14,3,2,80,0,6,4,3,4,2,0,3
35,0,1,0,0,1212,0,0,1,8,2,0,1,0,0,0,3,0,1,78,2,3,0,0,0,0,0,0,0,1,4,0,1,0,10377,13755,4,0,1,11,3,2,80,1,16,6,2,13,2,4,12
29,1,0,1,0,337,0,1,0,14,1,0,0,0,1,0,3,0,1,84,3,3,0,0,0,1,0,0,0,0,4,0,0,1,7553,22930,0,0,1,12,3,1,80,0,9,1,3,8,7,7,7
56,0,0,0,1,1255,0,1,0,1,2,0,0,0,0,1,1,0,1,90,3,1,0,0,0,0,0,0,1,0,1,0,1,0,2066,10494,2,1,0,22,4,4,80,1,5,3,4,3,2,1,0
42,0,0,1,0,458,0,1,0,26,5,0,0,1,0,0,1,0,1,60,3,3,1,0,0,0,0,0,0,0,1,0,1,0,13191,23281,3,0,1,17,3,3,80,0,20,6,3,1,0,0,0
34,1,0,1,0,988,1,0,0,23,3,0,0,0,0,0,2,0,1,43,3,3,0,0,0,0,0,0,0,0,1,1,0,0,9950,11533,9,0,1,15,3,3,80,3,11,2,3,3,2,0,2
43,0,0,1,0,1001,0,1,0,9,5,0,0,1,0,0,4,1,0,72,3,2,0,0,0,0,0,1,0,0,3,1,0,0,5679,19627,3,0,1,13,3,2,80,1,10,3,3,8,7,4,7
46,0,0,0,1,1450,0,1,0,15,2,0,0,0,0,1,4,1,0,52,3,5,1,0,0,0,0,0,0,0,2,0,1,0,19081,10849,5,1,0,11,3,1,80,1,25,2,3,4,2,0,3
50,0,0,1,0,1421,0,1,0,2,3,0,0,1,0,0,4,0,1,30,3,4,0,0,1,0,0,0,0,0,1,0,1,0,17856,9490,2,1,0,22,4,3,80,1,32,3,3,2,2,2,2
26,1,0,1,0,575,0,1,0,3,1,1,0,0,0,0,3,1,0,73,3,1,0,0,0,0,0,0,1,0,1,0,0,1,3102,6582,0,1,0,22,4,3,80,0,7,2,3,6,4,0,4
33,1,0,0,1,1017,0,1,0,25,3,0,0,1,0,0,1,1,0,55,2,1,0,0,0,0,0,0,1,0,2,0,0,1,2313,2993,4,0,1,20,4,2,80,0,5,0,3,2,2,2,2
24,1,0,0,1,984,0,1,0,17,2,0,0,0,0,1,4,0,1,97,3,1,0,0,0,0,0,1,0,0,2,0,1,0,2210,3372,1,1,0,13,3,1,80,1,1,3,1,1,0,0,0
30,1,0,1,0,334,0,0,1,26,4,0,1,0,0,0,3,0,1,52,2,2,0,0,0,0,0,0,0,1,1,0,0,1,6696,22967,5,1,0,15,3,3,80,0,9,5,2,6,3,0,1
30,0,0,0,1,1176,0,1,0,20,3,0,0,0,1,0,3,1,0,85,3,2,0,0,0,0,1,0,0,0,1,0,1,0,9957,9096,0,1,0,15,3,3,80,1,7,1,2,6,2,0,2
36,1,0,0,1,1456,0,0,1,13,5,0,1,0,0,0,2,1,0,96,2,2,0,0,0,0,0,0,0,1,1,1,0,0,6134,8658,5,0,1,13,3,2,80,3,16,3,3,2,2,2,2
21,1,0,1,0,756,0,0,1,1,1,1,0,0,0,0,1,0,1,99,2,1,0,1,0,0,0,0,0,0,2,0,0,1,2174,9150,1,0,1,11,3,3,80,0,3,3,3,3,2,1,2
41,0,0,0,1,1276,0,0,1,2,5,0,0,0,0,1,2,0,1,91,3,4,0,0,1,0,0,0,0,0,1,0,1,0,16595,5626,7,1,0,16,3,2,80,1,22,2,3,18,16,11,8
45,0,1,0,0,1050,0,0,1,9,4,0,0,0,0,1,2,0,1,65,2,2,0,0,0,0,0,0,0,1,3,0,1,0,5593,17970,1,1,0,13,3,4,80,1,15,2,3,15,10,4,12
32,0,0,0,1,548,0,1,0,1,3,0,0,0,0,1,2,1,0,66,3,2,0,0,0,0,0,0,1,0,2,0,1,0,6220,7346,1,1,0,17,3,2,80,2,10,3,3,10,4,0,9
26,1,0,1,0,887,0,1,0,5,2,0,0,1,0,0,3,0,1,88,2,1,0,0,0,0,0,0,1,0,3,0,1,0,2366,20898,1,0,1,14,3,1,80,1,8,2,3,8,7,1,7
40,0,0,0,1,300,0,0,1,26,3,0,1,0,0,0,3,1,0,74,3,2,0,0,0,0,0,0,0,1,1,0,1,0,8396,22217,1,1,0,14,3,2,80,1,8,3,2,7,7,7,5
31,0,0,0,1,329,0,1,0,1,2,0,0,0,0,1,4,1,0,98,2,1,0,0,0,0,0,1,0,0,1,0,1,0,2218,16193,1,1,0,12,3,3,80,1,4,3,3,4,2,3,2
29,1,0,0,1,896,0,1,0,18,1,0,0,1,0,0,3,1,0,86,2,1,0,0,0,0,0,0,1,0,4,0,0,1,2389,14961,1,0,1,13,3,3,80,0,4,3,2,4,3,0,1
28,0,0,1,0,467,0,0,1,7,3,0,0,0,0,1,3,1,0,55,3,2,0,0,0,0,0,0,0,1,1,0,0,1,4898,11827,0,1,0,14,3,4,80,0,5,5,3,4,2,1,3
27,0,0,0,1,1291,0,0,1,11,3,0,0,1,0,0,3,0,1,98,4,1,0,1,0,0,0,0,0,0,4,0,1,0,2534,6527,8,1,0,14,3,2,80,1,5,4,3,1,0,0,0
39,0,0,0,1,408,0,1,0,2,4,1,0,0,0,0,4,0,1,80,2,2,0,0,0,1,0,0,0,0,3,0,0,1,4553,20978,1,1,0,11,3,1,80,0,20,4,3,20,7,11,10
46,1,0,0,1,1254,0,0,1,10,3,0,0,0,0,1,3,0,1,64,3,3,0,0,0,0,0,0,0,1,2,0,1,0,7314,14011,5,1,0,21,4,3,80,3,14,2,3,8,7,0,7
19,1,0,0,1,528,0,0,1,22,1,0,1,0,0,0,4,1,0,50,3,1,0,1,0,0,0,0,0,0,3,0,0,1,1675,26820,1,0,1,19,3,4,80,0,0,2,2,0,0,0,0
24,1,0,0,1,1448,0,0,1,1,1,1,0,0,0,0,1,0,1,62,3,1,0,1,0,0,0,0,0,0,2,0,0,1,3202,21972,1,0,1,16,3,2,80,0,6,4,3,5,3,1,4
46,0,0,0,1,430,0,1,0,1,4,0,0,1,0,0,4,1,0,40,3,5,1,0,0,0,0,0,0,0,4,1,0,0,19627,21445,9,1,0,17,3,4,80,2,23,0,3,2,2,2,2
27,1,0,1,0,1337,1,0,0,22,3,0,0,0,0,0,1,0,1,58,2,1,0,0,0,0,0,0,0,0,2,0,1,0,2863,19555,1,1,0,12,3,1,80,0,1,2,3,1,0,0,0
31,1,0,0,1,249,0,0,1,6,4,0,0,0,0,1,2,1,0,76,1,2,0,0,0,0,0,0,0,1,3,0,1,0,6172,20739,4,0,1,18,3,2,80,0,12,3,2,7,7,7,7
35,1,0,0,1,763,0,0,1,15,2,0,0,1,0,0,1,1,0,59,1,2,0,0,0,0,0,0,0,1,4,1,0,0,5440,22098,6,0,1,14,3,4,80,2,7,2,2,2,2,2,2
29,1,0,0,1,428,0,0,1,9,3,0,1,0,0,0,2,0,1,52,1,1,0,1,0,0,0,0,0,0,2,0,0,1,2760,14630,1,1,0,13,3,3,80,0,2,3,3,2,2,2,2
24,1,0,0,1,813,0,1,0,1,3,0,0,1,0,0,2,1,0,61,3,1,0,0,0,0,0,0,1,0,4,0,1,0,2293,3020,2,0,1,16,3,1,80,1,6,2,2,2,0,2,0
45,0,0,0,1,556,0,1,0,25,2,0,0,0,0,1,2,0,1,93,2,2,0,0,0,0,1,0,0,0,4,0,1,0,5906,23888,0,1,0,13,3,4,80,2,10,2,2,9,8,3,8
20,1,0,1,0,871,0,1,0,6,3,0,0,0,0,1,4,0,1,66,2,1,0,0,0,0,0,1,0,0,4,0,0,1,2926,19783,1,0,1,18,3,2,80,0,1,5,3,1,0,1,0
26,0,0,0,1,482,0,1,0,1,2,0,0,0,0,1,2,0,1,90,2,1,0,0,0,0,0,0,1,0,3,0,1,0,2933,14908,1,0,1,13,3,3,80,1,1,3,2,1,0,1,0
26,0,0,0,1,390,0,1,0,17,4,0,0,1,0,0,4,1,0,62,1,1,0,0,0,0,0,1,0,0,3,0,1,0,2305,6217,1,1,0,15,3,3,80,3,3,3,4,3,2,0,2
59,0,0,0,1,1089,0,0,1,1,2,1,0,0,0,0,2,1,0,66,3,3,0,0,1,0,0,0,0,0,4,0,1,0,11904,11038,3,0,1,14,3,3,80,1,14,1,1,6,4,0,4
28,0,0,0,1,895,0,1,0,15,2,0,0,0,0,1,1,1,0,50,3,1,0,0,0,0,0,1,0,0,3,1,0,0,2207,22482,1,1,0,16,3,4,80,1,4,5,2,4,2,2,2
31,0,0,1,0,793,0,0,1,20,3,0,0,0,0,1,3,1,0,67,4,1,0,1,0,0,0,0,0,0,4,0,1,0,2791,21981,0,1,0,12,3,1,80,1,3,4,3,2,2,2,2
35,1,0,0,1,303,0,0,1,27,3,0,0,0,0,1,3,1,0,84,3,2,0,0,0,0,0,0,0,1,4,0,0,1,5813,13492,1,0,1,18,3,4,80,0,10,2,3,10,7,7,7
24,0,0,1,0,535,0,0,1,24,3,0,0,1,0,0,4,1,0,38,3,1,0,1,0,0,0,0,0,0,4,0,1,0,2400,5530,0,1,0,13,3,3,80,2,3,3,3,2,2,2,1
53,1,0,0,1,607,0,1,0,2,5,1,0,0,0,0,3,0,1,78,2,3,0,0,0,0,1,0,0,0,4,0,1,0,10169,14618,0,1,0,16,3,2,80,1,34,4,3,33,7,1,9
33,1,0,0,1,211,0,0,1,16,3,0,0,0,0,1,1,0,1,74,3,3,0,0,0,0,0,0,0,1,1,0,0,1,8564,10092,2,0,1,20,4,3,80,0,11,2,2,0,0,0,0
31,0,0,0,1,182,0,1,0,8,5,0,0,0,0,1,1,0,1,93,3,4,1,0,0,0,0,0,0,0,2,0,0,1,16422,8847,3,1,0,11,3,3,80,0,9,3,4,3,2,1,0
43,0,0,0,1,177,0,1,0,8,3,0,0,0,0,1,1,0,1,55,3,2,0,0,0,0,1,0,0,0,2,1,0,0,4765,23814,4,1,0,21,4,3,80,1,4,2,4,1,0,0,0
34,0,0,0,1,401,0,1,0,1,3,0,0,0,0,1,4,0,1,86,2,1,0,0,0,0,0,1,0,0,2,0,1,0,3294,3708,5,1,0,17,3,1,80,1,7,2,2,5,4,0,2
26,1,1,0,0,265,0,0,1,29,2,0,0,1,0,0,2,1,0,79,1,2,0,0,0,0,0,0,0,1,1,0,0,1,4969,21813,8,1,0,18,3,4,80,0,7,6,3,2,2,2,2
30,0,0,0,1,1334,0,0,1,4,2,0,0,1,0,0,3,0,1,63,2,2,0,0,0,0,0,0,0,1,2,1,0,0,5209,19760,1,0,1,12,3,2,80,3,11,4,2,11,8,2,7
35,0,0,0,1,195,0,0,1,1,3,0,0,1,0,0,1,0,1,80,3,2,0,0,0,0,0,0,0,1,3,0,0,1,4859,6698,1,1,0,16,3,4,80,0,5,3,3,5,4,0,3
37,1,0,0,1,370,0,1,0,10,4,0,0,1,0,0,4,1,0,58,3,2,0,0,0,0,1,0,0,0,1,0,0,1,4213,4992,1,1,0,15,3,2,80,0,10,4,1,10,3,0,8
36,0,1,0,0,301,0,0,1,15,4,0,1,0,0,0,4,1,0,88,1,2,0,0,0,0,0,0,0,1,4,1,0,0,5406,10436,1,1,0,24,4,1,80,1,15,4,2,15,12,11,11
55,1,0,0,1,436,0,0,1,2,1,0,0,1,0,0,3,1,0,37,3,2,0,0,0,0,0,0,0,1,4,0,0,1,5160,21519,4,1,0,16,3,3,80,0,12,3,2,9,7,7,3
33,1,0,0,1,1277,0,1,0,15,1,0,0,1,0,0,2,1,0,56,3,3,0,0,1,0,0,0,0,0,3,0,1,0,13610,24619,7,0,1,12,3,4,80,0,15,2,4,7,6,7,7
53,0,0,0,1,1376,0,0,1,2,2,0,0,1,0,0,3,1,0,45,3,4,0,0,1,0,0,0,0,0,3,1,0,0,14852,13938,6,1,0,13,3,3,80,1,22,3,4,17,13,15,2
43,0,0,0,1,1179,0,0,1,2,3,0,0,1,0,0,4,1,0,73,3,2,0,0,0,0,0,0,0,1,4,0,1,0,7847,6069,1,0,1,17,3,1,80,1,10,3,3,10,9,8,8
29,0,0,0,1,352,1,0,0,6,1,0,0,1,0,0,4,1,0,87,2,1,0,0,0,0,0,0,0,0,2,0,1,0,2804,15434,1,1,0,11,3,4,80,0,1,3,3,1,0,0,0
53,0,0,0,1,868,0,0,1,8,3,0,1,0,0,0,1,1,0,73,3,4,0,0,0,0,0,0,0,1,4,0,1,0,11836,22789,5,1,0,14,3,3,80,1,28,3,3,2,0,2,2
29,1,0,0,1,224,0,1,0,1,4,1,0,0,0,0,1,1,0,100,2,1,0,0,0,0,0,0,1,0,1,0,0,1,2362,7568,6,1,0,13,3,3,80,0,11,2,1,9,7,0,7
41,1,0,0,1,1085,0,1,0,2,4,0,0,0,0,1,2,0,1,57,1,1,0,0,0,0,0,1,0,0,4,1,0,0,2778,17725,4,0,1,13,3,3,80,1,10,1,2,7,7,1,0
25,1,0,1,0,599,0,0,1,24,1,0,0,0,0,1,3,1,0,73,1,1,0,1,0,0,0,0,0,0,4,0,0,1,1118,8040,1,0,1,14,3,4,80,0,1,4,3,1,0,1,0
30,0,0,1,0,1312,0,1,0,23,3,0,0,0,0,1,1,1,0,96,1,1,0,0,0,0,0,0,1,0,3,1,0,0,2613,22310,1,1,0,25,4,3,80,3,10,2,2,10,7,0,9
58,0,0,0,1,682,0,0,1,10,4,0,0,1,0,0,4,1,0,37,3,4,0,0,0,0,0,0,0,1,3,0,0,1,13872,24409,0,1,0,13,3,3,80,0,38,1,2,37,10,1,8
21,1,0,0,1,156,0,0,1,12,3,0,0,0,0,1,3,0,1,90,4,1,0,1,0,0,0,0,0,0,2,0,0,1,2716,25422,1,1,0,15,3,4,80,0,1,0,3,1,0,0,0
28,1,0,0,1,1404,0,1,0,17,3,1,0,0,0,0,3,1,0,32,2,1,0,0,0,0,0,1,0,0,4,1,0,0,2367,18779,5,1,0,12,3,1,80,1,6,2,2,4,1,0,3
50,1,0,1,0,562,0,0,1,8,2,1,0,0,0,0,2,1,0,50,3,2,0,0,0,0,0,0,0,1,3,0,1,0,6796,23452,3,0,1,14,3,1,80,1,18,4,3,4,3,1,3
58,1,0,1,0,781,0,1,0,2,1,0,0,0,0,1,4,1,0,57,2,1,0,0,0,0,0,1,0,0,4,1,0,0,2380,13384,9,0,1,14,3,4,80,1,3,3,2,1,0,0,0
28,1,0,1,0,1496,0,0,1,1,3,1,0,0,0,0,1,1,0,92,3,1,0,1,0,0,0,0,0,0,3,0,1,0,2909,15747,3,1,0,15,3,4,80,1,5,3,4,3,2,1,2
35,1,0,0,1,104,0,1,0,2,3,0,0,0,0,1,1,0,1,69,3,1,0,0,0,0,0,1,0,0,1,1,0,0,2074,26619,1,0,1,12,3,4,80,1,1,2,3,1,0,0,0
37,1,0,0,1,807,1,0,0,6,4,0,0,0,0,0,3,1,0,63,3,1,0,0,0,0,0,0,0,0,1,1,0,0,2073,23648,4,0,1,22,4,4,80,0,7,3,3,3,2,0,2
39,0,0,0,1,117,0,1,0,10,1,0,0,1,0,0,3,1,0,99,3,4,0,0,1,0,0,0,0,0,1,0,1,0,17068,5355,1,0,1,14,3,4,80,0,21,3,3,21,9,11,10
39,1,0,1,0,203,0,1,0,2,3,0,0,0,0,1,1,1,0,84,3,4,0,0,0,1,0,0,0,0,4,1,0,0,12169,13547,7,1,0,11,3,4,80,3,21,4,3,18,7,11,5
38,0,0,0,1,201,0,1,0,10,3,0,0,1,0,0,2,0,1,99,1,3,1,0,0,0,0,0,0,0,3,0,1,0,13206,3376,3,1,0,12,3,1,80,1,20,3,3,18,16,1,11
26,1,0,1,0,342,0,1,0,2,3,0,0,0,0,1,1,1,0,57,3,1,0,0,0,0,0,0,1,0,1,0,1,0,2042,15346,6,0,1,14,3,2,80,1,6,2,3,3,2,1,2
34,0,0,0,1,304,0,0,1,2,3,0,0,0,1,0,4,1,0,60,3,2,0,0,0,0,0,0,0,1,4,0,0,1,6274,18686,1,1,0,22,4,3,80,0,6,5,3,6,5,1,4
45,1,0,0,1,1449,0,0,1,2,3,0,1,0,0,0,1,0,1,94,1,5,0,0,1,0,0,0,0,0,2,0,0,1,18824,2493,2,0,1,16,3,1,80,0,26,2,3,24,10,1,11
27,0,1,0,0,1277,0,1,0,8,5,0,0,0,0,1,1,1,0,87,1,1,0,0,0,0,0,1,0,0,3,0,1,0,4621,5869,1,1,0,19,3,4,80,3,3,4,3,3,2,1,2
26,1,0,0,1,1330,0,1,0,21,3,0,0,1,0,0,1,1,0,37,3,1,0,0,0,0,0,1,0,0,3,1,0,0,2377,19373,1,1,0,20,4,3,80,1,1,0,2,1,1,0,0
35,0,0,0,1,1029,0,1,0,16,3,0,0,0,0,1,4,0,1,91,2,3,0,0,0,1,0,0,0,0,2,0,0,1,8606,21195,1,1,0,19,3,4,80,0,11,3,1,11,8,3,3
24,0,0,0,1,823,0,1,0,17,2,0,0,0,1,0,4,1,0,94,2,1,0,0,0,0,0,1,0,0,2,0,1,0,2127,9100,1,1,0,21,4,4,80,1,1,2,3,1,0,0,0
45,0,0,1,0,1199,0,1,0,7,4,0,0,0,0,1,1,1,0,77,4,2,0,0,0,0,1,0,0,0,3,0,1,0,6434,5118,4,1,0,17,3,4,80,1,9,1,3,3,2,0,2
28,0,0,0,1,580,0,1,0,27,3,0,0,1,0,0,2,0,1,39,1,2,0,0,0,0,1,0,0,0,1,1,0,0,4877,20460,0,1,0,21,4,2,80,1,6,5,2,5,3,0,0
32,0,1,0,0,300,0,1,0,1,3,0,0,0,0,1,4,1,0,61,3,1,0,0,0,0,0,1,0,0,4,1,0,0,2314,9148,0,1,0,12,3,2,80,1,4,2,3,3,0,0,2
26,1,0,0,1,920,1,0,0,20,2,0,0,1,0,0,4,0,1,69,3,1,0,0,0,0,0,0,0,0,2,0,1,0,2148,6889,0,0,1,11,3,3,80,0,6,3,3,5,1,1,4
28,1,0,0,1,1485,0,1,0,12,1,0,0,0,0,1,3,0,1,79,3,1,0,0,0,0,0,1,0,0,4,0,1,0,2515,22955,1,0,1,11,3,4,80,0,1,4,2,1,1,0,0
49,0,0,0,1,1091,0,1,0,1,2,1,0,0,0,0,3,0,1,90,2,4,0,0,0,1,0,0,0,0,3,0,0,1,13964,17810,7,0,1,12,3,4,80,0,25,2,3,7,1,0,7
43,1,0,0,1,1372,0,0,1,9,3,0,1,0,0,0,1,0,1,85,1,2,0,0,0,0,0,0,0,1,3,0,0,1,5346,9489,8,1,0,13,3,2,80,0,7,2,2,4,3,1,3
36,0,0,0,1,1157,0,0,1,2,4,0,0,0,0,1,3,1,0,70,3,1,0,1,0,0,0,0,0,0,4,0,0,1,2644,17001,3,0,1,21,4,4,80,0,7,3,2,3,2,1,2
37,0,0,1,0,663,0,1,0,11,3,0,0,0,1,0,2,1,0,47,3,3,1,0,0,0,0,0,0,0,4,1,0,0,12185,10056,1,0,1,14,3,3,80,3,10,1,3,10,8,0,7
46,1,0,0,1,261,0,1,0,21,2,0,0,1,0,0,4,0,1,66,3,2,0,0,0,1,0,0,0,0,2,0,1,0,8926,10842,4,1,0,22,4,4,80,1,13,2,4,9,7,3,7
27,0,0,0,1,511,0,0,1,2,2,0,0,1,0,0,1,0,1,89,4,2,0,0,0,0,0,0,0,1,3,0,0,1,6500,26997,0,1,0,14,3,2,80,0,9,5,2,8,7,0,7
34,1,0,1,0,234,0,1,0,9,4,0,0,0,0,1,4,1,0,93,3,2,0,0,0,0,0,1,0,0,1,0,1,0,5346,6208,4,1,0,17,3,3,80,1,11,3,2,7,1,0,7
42,1,0,1,0,933,0,1,0,19,3,0,0,1,0,0,3,1,0,57,4,1,0,0,0,0,0,0,1,0,3,1,0,0,2759,20366,6,0,1,12,3,4,80,0,7,2,3,2,2,2,2
49,0,0,1,0,1064,0,1,0,2,1,0,0,0,0,1,2,1,0,42,3,5,1,0,0,0,0,0,0,0,4,0,1,0,19161,13738,3,1,0,15,3,4,80,0,28,3,3,5,4,4,3
58,1,0,0,1,147,0,1,0,23,4,0,0,1,0,0,4,0,1,94,3,3,0,0,0,1,0,0,0,0,4,0,1,0,10312,3465,1,1,0,12,3,4,80,1,40,3,2,40,10,15,6
39,0,0,0,1,116,0,1,0,24,1,0,0,0,0,1,1,1,0,52,3,2,0,0,0,0,0,0,1,0,4,0,0,1,4108,5340,7,1,0,13,3,1,80,0,18,2,3,7,7,1,7
35,0,0,0,1,982,0,1,0,1,4,0,0,1,0,0,4,1,0,58,2,1,0,0,0,0,0,1,0,0,3,0,1,0,2258,16340,6,1,0,12,3,2,80,1,10,2,3,8,0,1,7
28,0,0,0,1,1172,0,0,1,3,3,0,0,1,0,0,2,0,1,78,3,1,0,1,0,0,0,0,0,0,2,0,1,0,2856,3692,1,1,0,19,3,4,80,1,1,3,3,1,0,0,0
41,1,0,0,1,1356,0,0,1,20,2,0,1,0,0,0,2,0,1,70,3,1,0,1,0,0,0,0,0,0,2,0,0,1,3140,21728,1,0,1,22,4,4,80,0,4,5,2,4,3,0,2
45,1,0,1,0,306,0,0,1,26,4,0,0,0,0,1,1,0,1,100,3,2,0,0,0,0,0,0,0,1,1,0,1,0,4286,5630,2,1,0,14,3,4,80,2,5,4,3,1,1,0,0
34,1,0,0,1,699,0,1,0,6,1,0,0,1,0,0,2,1,0,83,3,1,0,0,0,0,0,0,1,0,1,0,0,1,2960,17102,2,1,0,11,3,3,80,0,8,2,3,4,2,1,3
24,1,0,1,0,381,0,1,0,9,3,0,0,1,0,0,2,1,0,89,3,1,0,0,0,0,0,1,0,0,1,0,0,1,3172,16998,2,0,1,11,3,3,80,0,4,2,2,0,0,0,0
34,1,0,1,0,658,0,1,0,7,3,0,0,0,0,1,1,1,0,66,1,2,0,0,0,0,0,1,0,0,3,0,0,1,6074,22887,1,0,1,24,4,4,80,0,9,3,3,9,7,0,6
34,0,0,0,1,1480,0,0,1,4,3,0,0,0,0,1,3,1,0,64,3,3,0,0,0,0,0,0,0,1,4,0,1,0,9713,24444,2,0,1,13,3,4,80,3,9,3,3,5,3,1,0
47,0,0,0,1,1001,0,1,0,4,3,0,0,0,0,1,3,0,1,92,2,3,0,0,0,0,1,0,0,0,2,1,0,0,10333,19271,8,0,1,12,3,3,80,1,28,4,3,22,11,14,10
28,1,0,0,1,654,0,1,0,1,2,0,0,0,0,1,1,0,1,67,1,1,0,0,0,0,0,0,1,0,2,0,0,1,2216,3872,7,0,1,13,3,4,80,0,10,4,3,7,7,3,7
59,0,1,0,0,1420,1,0,0,2,4,0,0,0,0,0,3,0,1,32,2,5,0,0,1,0,0,0,0,0,4,0,1,0,18844,21922,9,1,0,21,4,4,80,1,30,3,3,3,2,2,2
54,0,0,1,0,928,0,1,0,20,4,0,0,0,0,1,4,0,1,31,3,2,0,0,0,0,0,0,1,0,3,0,0,1,4869,16885,3,1,0,12,3,4,80,0,20,4,2,4,3,0,3
40,1,0,0,1,676,0,1,0,9,4,0,0,0,0,1,4,1,0,86,3,1,0,0,0,0,0,1,0,0,1,0,0,1,2018,21831,3,1,0,14,3,2,80,0,15,3,1,5,4,1,0
32,0,0,1,0,585,0,1,0,10,3,0,0,0,0,1,1,1,0,56,3,1,0,0,0,0,0,0,1,0,3,0,1,0,3433,17360,6,1,0,13,3,1,80,1,10,3,2,5,2,1,3
56,1,0,0,1,441,0,1,0,14,4,0,0,0,0,1,2,0,1,72,3,1,0,0,0,0,0,0,1,0,2,0,1,0,4963,4510,9,0,1,18,3,1,80,3,7,2,3,5,4,4,3
54,0,0,0,1,821,0,1,0,5,2,0,0,1,0,0,1,1,0,86,3,5,1,0,0,0,0,0,0,0,1,0,1,0,19406,8509,4,1,0,11,3,3,80,1,24,4,2,4,2,1,2
40,0,0,0,1,1194,0,1,0,1,3,0,0,0,0,1,3,0,1,52,3,2,0,0,0,1,0,0,0,0,4,1,0,0,6513,9060,4,1,0,17,3,4,80,1,12,3,3,5,3,0,3
28,0,0,0,1,1476,0,1,0,16,2,0,0,1,0,0,2,1,0,68,4,2,0,0,0,1,0,0,0,0,1,0,0,1,5661,4824,0,1,0,19,3,3,80,0,9,2,3,8,3,0,7
53,0,0,0,1,1070,0,1,0,3,4,0,0,1,0,0,3,1,0,45,3,4,1,0,0,0,0,0,0,0,3,0,1,0,17584,21016,3,0,1,16,3,4,80,3,21,5,2,5,3,1,3
45,0,1,0,0,336,0,0,1,26,3,0,1,0,0,0,1,1,0,52,2,2,0,0,0,0,0,0,0,1,1,0,1,0,4385,24162,1,1,0,15,3,1,80,1,10,2,3,10,7,4,5
45,0,0,0,1,950,0,1,0,28,3,1,0,0,0,0,4,1,0,97,3,1,0,0,0,0,0,0,1,0,4,0,1,0,2132,4585,4,1,0,20,4,4,80,1,8,3,3,5,4,0,3
32,1,0,1,0,1125,0,1,0,16,1,0,0,0,0,1,2,0,1,72,1,1,0,0,0,0,0,0,1,0,1,0,0,1,3919,4681,1,0,1,22,4,2,80,0,10,5,3,10,2,6,7
41,1,1,0,0,906,0,1,0,5,2,0,0,0,0,1,1,1,0,95,2,1,0,0,0,0,0,0,1,0,1,1,0,0,2107,20293,6,1,0,17,3,1,80,1,5,2,1,1,0,0,0
50,0,0,1,0,1246,1,0,0,3,3,0,0,1,0,0,1,1,0,99,3,5,0,0,1,0,0,0,0,0,2,0,1,0,18200,7999,1,1,0,11,3,3,80,1,32,2,3,32,5,10,7
47,0,1,0,0,1169,0,1,0,14,4,1,0,0,0,0,3,1,0,64,3,2,0,0,0,0,0,0,1,0,2,0,1,0,5467,2125,8,1,0,18,3,3,80,1,16,4,4,8,7,1,7
34,0,0,0,1,1442,0,1,0,9,3,0,0,1,0,0,4,0,1,46,2,3,0,0,0,1,0,0,0,0,2,0,0,1,8621,17654,1,1,0,14,3,2,80,0,9,3,4,8,7,7,7
35,1,0,0,1,622,0,1,0,14,4,0,0,0,1,0,3,1,0,39,2,1,0,0,0,0,0,1,0,0,2,1,0,0,3743,10074,1,0,1,24,4,4,80,1,5,2,1,4,2,0,2
48,0,0,0,1,855,0,1,0,4,3,0,0,0,0,1,4,1,0,54,3,3,0,0,0,0,1,0,0,0,4,0,0,1,7898,18706,1,1,0,11,3,3,80,0,11,2,3,10,9,0,8
31,1,0,0,1,330,0,1,0,22,4,0,0,1,0,0,4,1,0,98,3,2,0,0,0,0,1,0,0,0,3,0,1,0,6179,21057,1,0,1,15,3,4,80,2,10,3,2,10,2,6,7
36,0,0,0,1,711,0,1,0,5,4,0,0,0,0,1,2,0,1,42,3,3,0,0,0,1,0,0,0,0,1,0,1,0,8008,22792,4,1,0,12,3,3,80,2,9,6,3,3,2,0,2
27,1,0,0,1,135,0,1,0,17,4,0,0,0,0,1,4,0,1,51,3,1,0,0,0,0,0,0,1,0,3,0,0,1,2394,25681,1,0,1,13,3,4,80,0,8,2,3,8,2,7,7
42,1,0,1,0,481,0,0,1,12,3,0,0,0,0,1,3,1,0,44,3,4,0,0,0,0,0,0,0,1,1,0,0,1,13758,2447,0,0,1,12,3,2,80,0,22,2,2,21,9,13,14
21,1,0,0,1,1334,0,1,0,10,3,0,0,0,0,1,3,0,1,36,2,1,0,0,0,0,0,1,0,0,1,0,0,1,1416,17258,1,1,0,13,3,1,80,0,1,6,2,1,0,1,0
26,0,0,1,0,1096,0,1,0,6,3,0,0,0,1,0,3,1,0,61,4,1,0,0,0,0,0,1,0,0,4,0,1,0,2544,7102,0,1,0,18,3,1,80,1,8,3,3,7,7,7,7
20,1,0,0,1,500,0,0,1,2,3,0,0,1,0,0,3,0,1,49,2,1,0,1,0,0,0,0,0,0,3,0,0,1,2044,22052,1,1,0,13,3,4,80,0,2,3,2,2,2,0,2
37,1,0,0,1,1373,0,1,0,2,2,0,0,0,1,0,4,1,0,92,2,1,0,0,0,0,0,1,0,0,3,0,0,1,2090,2396,6,0,1,15,3,2,80,0,7,3,3,0,0,0,0
30,1,0,1,0,600,1,0,0,8,3,0,0,0,0,0,3,0,1,66,2,1,0,0,0,0,0,0,0,0,4,1,0,0,2180,9732,6,1,0,11,3,3,80,1,6,0,2,4,2,1,2
49,0,0,0,1,1313,0,0,1,11,4,0,1,0,0,0,4,0,1,80,3,2,0,0,0,0,0,0,0,1,4,0,0,1,4507,8191,3,1,0,12,3,3,80,0,8,1,4,5,1,0,4
33,0,0,1,0,1111,0,0,1,5,1,0,0,0,0,1,2,1,0,61,3,2,0,0,0,0,0,0,0,1,4,0,1,0,9998,19293,6,1,0,13,3,1,80,0,8,2,4,5,4,1,2
50,0,0,0,1,1322,0,1,0,28,3,0,0,0,0,1,4,0,1,43,3,4,1,0,0,0,0,0,0,0,1,0,1,0,16880,22422,4,0,1,11,3,2,80,0,25,2,3,3,2,1,2
18,1,0,1,0,1306,0,0,1,5,3,0,1,0,0,0,2,1,0,69,3,1,0,1,0,0,0,0,0,0,2,0,0,1,1878,8059,1,0,1,14,3,4,80,0,0,3,3,0,0,0,0
58,1,0,0,1,601,0,1,0,7,4,0,0,1,0,0,3,0,1,53,2,3,0,0,0,0,1,0,0,0,1,0,1,0,10008,12023,7,0,1,14,3,4,80,0,31,0,2,10,9,5,9
41,0,0,0,1,933,0,1,0,9,4,0,0,0,0,1,3,1,0,94,3,1,0,0,0,0,0,1,0,0,1,0,1,0,2238,6961,2,1,0,21,4,4,80,1,7,2,3,5,0,1,4
41,1,0,0,1,1102,0,0,1,1,2,0,0,0,0,1,2,0,1,94,3,2,0,0,0,0,0,0,0,1,4,0,0,1,5993,19479,8,0,1,11,3,1,80,0,8,0,1,6,4,0,5
22,1,0,1,0,1368,0,1,0,4,1,1,0,0,0,0,3,1,0,99,2,1,0,0,0,0,0,1,0,0,3,0,0,1,3894,9129,5,1,0,16,3,3,80,0,4,3,3,2,2,1,2
41,1,0,1,0,143,0,0,1,4,3,0,1,0,0,0,1,1,0,56,3,2,0,0,0,0,0,0,0,1,2,0,0,1,9355,9558,1,1,0,18,3,3,80,0,8,5,3,8,7,7,7
48,0,0,0,1,1236,0,1,0,1,4,0,0,0,0,1,4,0,1,40,2,4,0,0,1,0,0,0,0,0,1,0,1,0,15402,17997,7,1,0,11,3,1,80,1,21,3,1,3,2,0,2
30,1,0,0,1,945,0,0,1,9,3,0,0,1,0,0,2,1,0,89,3,1,0,1,0,0,0,0,0,0,4,0,0,1,1081,16019,1,1,0,13,3,3,80,0,1,3,2,1,0,0,0
29,1,0,0,1,350,1,0,0,13,3,0,0,0,0,0,1,1,0,56,2,1,0,0,0,0,0,0,0,0,1,1,0,0,2335,3157,4,0,1,15,3,4,80,3,4,3,3,2,2,2,0
31,1,0,1,0,703,0,0,1,2,3,0,0,0,0,1,3,0,1,90,2,1,0,1,0,0,0,0,0,0,4,0,0,1,2785,11882,7,1,0,14,3,3,80,0,3,3,4,1,0,0,0
35,1,0,1,0,880,0,0,1,12,4,0,0,0,1,0,4,1,0,36,3,2,0,0,0,0,0,0,0,1,4,0,0,1,4581,10414,3,0,1,24,4,1,80,0,13,2,4,11,9,6,7
34,0,0,0,1,254,0,1,0,1,2,0,0,0,0,1,2,1,0,83,2,1,0,0,0,0,0,0,1,0,4,0,1,0,3622,22794,1,0,1,13,3,4,80,1,6,3,3,6,5,1,3
29,1,0,0,1,806,0,1,0,7,3,1,0,0,0,0,2,0,1,39,3,1,0,0,0,0,0,1,0,0,3,1,0,0,3339,17285,3,0,1,13,3,1,80,2,10,2,3,7,7,7,7
23,1,0,0,1,1243,0,1,0,6,3,0,0,0,0,1,3,1,0,63,4,1,0,0,0,0,0,1,0,0,1,0,1,0,1601,3445,1,0,1,21,4,3,80,2,1,2,3,0,0,0,0
39,0,0,1,0,443,0,1,0,8,1,0,0,0,0,1,3,0,1,48,3,1,0,0,0,0,0,1,0,0,3,0,1,0,3755,17872,1,1,0,11,3,1,80,1,8,3,3,8,3,0,7
49,1,0,0,1,1184,0,0,1,11,3,0,1,0,0,0,3,0,1,43,3,3,0,0,0,0,0,0,0,1,4,0,1,0,7654,5860,1,1,0,18,3,1,80,2,9,3,4,9,8,7,7
43,0,0,1,0,185,0,1,0,10,4,0,0,0,0,1,3,0,1,33,3,1,0,0,0,0,0,1,0,0,4,0,0,1,2455,10675,0,1,0,19,3,1,80,0,9,5,3,8,7,1,7
34,0,0,0,1,258,0,0,1,21,4,0,0,0,0,1,4,1,0,74,4,2,0,0,0,0,0,0,0,1,4,0,0,1,5337,19921,1,1,0,12,3,4,80,0,10,3,3,10,7,5,7
51,1,0,1,0,1150,0,1,0,8,4,0,0,0,0,1,1,1,0,53,1,3,0,0,0,0,1,0,0,0,4,0,0,1,10650,25150,2,1,0,15,3,4,80,0,18,2,3,4,2,0,3
40,1,0,0,1,299,0,0,1,25,4,0,1,0,0,0,4,1,0,57,2,3,0,0,0,0,0,0,0,1,2,0,0,1,9094,17235,2,0,1,12,3,3,80,0,9,2,3,5,4,1,0
33,1,0,0,1,118,0,0,1,16,3,0,1,0,0,0,1,0,1,69,3,2,0,0,0,0,0,0,0,1,1,0,0,1,5324,26507,5,1,0,15,3,3,80,0,6,3,3,3,2,0,2
27,0,0,0,1,1469,0,1,0,1,2,0,0,1,0,0,4,1,0,82,3,1,0,0,0,0,0,1,0,0,2,1,0,0,3816,17881,1,1,0,11,3,2,80,1,5,2,3,5,2,0,4
22,1,0,0,1,1294,0,1,0,8,1,0,0,1,0,0,3,0,1,79,3,1,0,0,0,0,0,1,0,0,1,0,1,0,2398,15999,1,0,1,17,3,3,80,0,1,6,3,1,0,0,0
32,1,0,0,1,374,0,1,0,25,4,0,0,0,0,1,1,1,0,87,3,1,0,0,0,0,0,1,0,0,4,0,0,1,2795,18016,1,0,1,24,4,3,80,0,1,2,1,1,0,0,1
31,1,0,1,0,1445,0,1,0,1,5,0,0,0,0,1,3,0,1,100,4,3,0,0,0,0,1,0,0,0,2,0,0,1,7446,8931,1,1,0,11,3,1,80,0,10,2,3,10,8,4,7
48,0,0,0,1,163,0,0,1,2,5,0,1,0,0,0,2,0,1,37,3,2,0,0,0,0,0,0,0,1,4,0,1,0,4051,19658,2,1,0,14,3,1,80,1,14,2,3,9,7,6,7
26,0,0,0,1,192,0,1,0,1,2,0,0,1,0,0,1,1,0,59,2,1,0,0,0,0,0,1,0,0,1,0,1,0,3955,11141,1,1,0,16,3,1,80,2,6,2,3,5,3,1,3
21,1,0,1,0,251,0,1,0,10,2,0,0,0,0,1,1,0,1,45,2,1,0,0,0,0,0,1,0,0,3,0,0,1,2625,25308,1,1,0,20,4,3,80,0,2,2,1,2,2,2,2
27,0,0,0,1,1115,0,1,0,3,4,0,0,1,0,0,1,1,0,54,2,1,0,0,0,0,0,0,1,0,4,0,0,1,2045,15174,0,1,0,13,3,4,80,0,5,0,3,4,2,1,1
26,0,0,0,1,572,0,0,1,10,3,0,0,1,0,0,3,1,0,46,3,2,0,0,0,0,0,0,0,1,4,0,0,1,4684,9125,1,1,0,13,3,1,80,0,5,4,3,5,3,1,2
31,1,0,1,0,1060,0,0,1,1,3,0,0,0,0,1,4,0,1,54,3,1,0,1,0,0,0,0,0,0,2,0,0,1,2302,8319,1,0,1,11,3,1,80,0,3,2,4,3,2,2,2
34,0,0,1,0,1003,0,1,0,2,2,0,0,0,0,1,4,1,0,95,3,2,0,0,0,0,1,0,0,0,3,0,0,1,4033,15834,2,1,0,11,3,4,80,0,5,3,2,3,2,0,2
33,1,0,0,1,813,0,1,0,14,3,0,0,1,0,0,3,1,0,58,3,1,0,0,0,0,0,1,0,0,4,0,1,0,2436,22149,5,0,1,13,3,3,80,1,8,2,1,5,4,0,4
28,1,0,0,1,1157,0,1,0,2,4,0,0,1,0,0,1,1,0,84,1,1,0,0,0,0,0,0,1,0,4,0,1,0,3464,24737,5,0,1,13,3,4,80,0,5,4,2,3,2,2,2
46,0,0,1,0,638,0,1,0,1,3,0,0,1,0,0,3,1,0,40,2,3,0,0,0,1,0,0,0,0,1,0,1,0,10673,3142,2,0,1,13,3,3,80,1,21,5,2,10,9,9,5
39,1,0,0,1,895,0,0,1,5,3,1,0,0,0,0,4,1,0,56,3,2,0,1,0,0,0,0,0,0,4,0,1,0,2086,3335,3,1,0,14,3,3,80,1,19,6,4,1,0,0,0
31,1,1,0,0,335,0,1,0,9,2,0,0,1,0,0,3,1,0,46,2,1,0,0,0,0,0,0,1,0,1,0,0,1,2321,10322,0,0,1,22,4,1,80,0,4,0,3,3,2,1,2
31,0,0,0,1,218,0,0,1,7,3,1,0,0,0,0,2,1,0,100,4,2,0,0,0,0,0,0,0,1,4,0,1,0,6929,12241,4,1,0,11,3,2,80,1,10,3,2,8,7,7,7
24,1,0,0,1,240,1,0,0,22,1,0,0,0,0,0,4,1,0,58,1,1,0,0,0,0,0,0,0,0,3,0,1,0,1555,11585,1,1,0,11,3,3,80,1,1,2,3,1,0,0,0
40,0,0,0,1,804,0,1,0,2,1,0,0,1,0,0,4,0,1,86,2,1,0,0,0,0,0,0,1,0,4,0,0,1,2342,22929,0,0,1,20,4,4,80,0,5,2,2,4,2,2,3
37,1,0,0,1,1141,0,1,0,11,2,0,0,1,0,0,1,0,1,61,1,2,0,0,0,1,0,0,0,0,2,0,1,0,4777,14382,5,1,0,15,3,1,80,0,15,2,1,1,0,0,0
35,0,0,0,1,672,0,1,0,25,3,1,0,0,0,0,4,1,0,78,2,3,0,0,0,0,1,0,0,0,2,0,1,0,10903,9129,3,1,0,16,3,1,80,0,16,2,3,13,10,4,8
50,1,0,0,1,869,0,0,1,3,2,0,1,0,0,0,1,1,0,86,2,1,0,1,0,0,0,0,0,0,3,0,1,0,2683,3810,1,0,1,14,3,3,80,0,3,2,3,3,2,0,2
27,0,1,0,0,1450,0,1,0,3,3,0,0,1,0,0,3,1,0,79,2,1,0,0,0,0,0,0,1,0,3,1,0,0,2566,25326,1,0,1,15,3,4,80,1,1,2,2,1,1,0,1
47,0,0,0,1,202,0,1,0,2,2,0,0,0,1,0,3,0,1,33,3,4,0,0,1,0,0,0,0,0,4,0,1,0,16752,12982,1,0,1,11,3,3,80,1,26,3,2,26,14,3,0
33,0,0,0,1,867,0,1,0,8,4,0,0,0,0,1,4,1,0,90,4,1,0,0,0,0,0,0,1,0,1,0,1,0,3143,6076,6,1,0,19,3,2,80,1,14,1,3,10,8,7,6
48,0,0,0,1,1221,0,0,1,7,3,0,1,0,0,0,3,1,0,96,3,2,0,0,0,0,0,0,0,1,1,1,0,0,5486,24795,4,1,0,11,3,1,80,3,15,3,3,2,2,2,2
26,0,1,0,0,786,0,1,0,7,3,0,0,1,0,0,4,1,0,76,3,1,0,0,0,0,0,1,0,0,4,0,0,1,2570,11925,1,1,0,20,4,3,80,0,7,5,3,7,7,5,7
32,0,0,0,1,498,0,1,0,3,4,0,0,1,0,0,3,0,1,93,3,2,0,0,0,0,1,0,0,0,1,0,1,0,6725,13554,1,1,0,12,3,3,80,1,8,2,4,8,7,6,3
41,0,1,0,0,267,0,0,1,10,2,0,0,0,0,1,4,1,0,56,3,2,0,0,0,0,0,0,0,1,4,0,0,1,6230,13430,7,1,0,14,3,4,80,0,16,3,3,14,3,1,10
45,0,0,0,1,561,0,0,1,2,3,0,0,0,1,0,4,1,0,61,3,2,0,0,0,0,0,0,0,1,2,0,1,0,4805,16177,0,1,0,19,3,2,80,1,9,3,4,8,7,3,7
34,1,0,1,0,296,0,0,1,6,2,0,1,0,0,0,4,0,1,33,1,1,0,1,0,0,0,0,0,0,3,1,0,0,2351,12253,0,1,0,16,3,4,80,1,3,3,2,2,2,1,0
33,1,0,0,1,350,0,0,1,5,3,0,1,0,0,0,4,0,1,34,3,1,0,1,0,0,0,0,0,0,3,0,0,1,2851,9150,1,0,1,13,3,2,80,0,1,2,3,1,0,0,0
36,0,0,1,0,884,0,1,0,23,2,0,0,1,0,0,3,1,0,41,4,2,0,0,0,0,0,1,0,0,4,0,1,0,2571,12290,4,1,0,17,3,3,80,1,17,3,3,5,2,0,3
32,1,0,0,1,964,0,0,1,1,2,0,0,0,0,1,1,1,0,34,1,2,0,0,0,0,0,0,0,1,2,0,0,1,6735,12147,6,1,0,15,3,2,80,0,10,2,3,0,0,0,0
28,0,0,0,1,857,0,1,0,10,3,0,0,0,1,0,3,0,1,59,3,2,0,0,0,0,0,0,1,0,3,0,0,1,3660,7909,3,1,0,13,3,4,80,0,10,4,4,8,7,1,7
39,1,0,0,1,360,0,1,0,23,3,0,0,1,0,0,3,1,0,93,3,1,0,0,0,0,0,0,1,0,1,0,0,1,3904,22154,0,1,0,13,3,1,80,0,6,2,3,5,2,0,3
32,0,0,1,0,967,0,0,1,8,3,0,1,0,0,0,2,0,1,43,3,3,0,0,0,0,0,0,0,1,4,0,0,1,8998,15589,1,1,0,14,3,4,80,0,9,2,3,9,8,3,7
28,1,1,0,0,1366,0,1,0,24,2,1,0,0,0,0,2,1,0,72,2,3,0,0,0,1,0,0,0,0,1,0,0,1,8722,12355,1,1,0,12,3,1,80,0,10,2,2,10,7,1,9
29,0,0,0,1,1082,0,1,0,9,4,0,0,1,0,0,4,0,1,43,3,1,0,0,0,0,0,1,0,0,3,0,1,0,2974,25412,9,1,0,17,3,3,80,1,9,2,3,5,3,1,2
35,1,0,0,1,556,0,1,0,23,2,0,0,0,0,1,2,1,0,50,2,2,0,0,0,0,1,0,0,0,3,0,1,0,5916,15497,3,0,1,13,3,1,80,0,8,1,3,1,0,0,1
43,0,0,1,0,1422,0,0,1,2,4,0,0,0,0,1,1,1,0,92,3,2,0,0,0,0,0,0,0,1,4,0,1,0,5675,19246,1,1,0,20,4,3,80,1,7,5,3,7,7,7,7
45,0,0,0,1,954,0,0,1,2,2,1,0,0,0,0,2,1,0,46,1,2,0,1,0,0,0,0,0,0,3,0,0,1,6632,12388,0,1,0,13,3,1,80,0,9,3,3,8,7,3,1
18,0,1,0,0,287,0,1,0,5,2,0,0,0,0,1,2,1,0,73,3,1,0,0,0,0,0,0,1,0,4,0,0,1,1051,13493,1,1,0,15,3,4,80,0,0,2,3,0,0,0,0
22,1,0,1,0,1256,0,1,0,3,4,0,0,0,0,1,3,1,0,48,2,1,0,0,0,0,0,0,1,0,4,0,1,0,2853,4223,0,0,1,11,3,2,80,1,1,5,3,0,0,0,0
32,1,0,0,1,1045,0,0,1,4,4,0,0,1,0,0,4,1,0,32,1,3,0,0,0,0,0,0,0,1,4,0,1,0,10400,25812,1,1,0,11,3,3,80,0,14,2,2,14,8,9,8
35,0,0,0,1,1142,0,1,0,23,4,0,0,1,0,0,3,0,1,30,3,1,0,0,0,0,0,1,0,0,1,0,1,0,4014,16002,3,0,1,15,3,3,80,1,4,3,3,2,2,2,2
38,0,1,0,0,1327,0,0,1,2,2,0,0,0,0,1,4,1,0,39,2,2,0,0,0,0,0,0,0,1,4,0,1,0,5249,19682,3,1,0,18,3,4,80,1,13,0,3,8,7,7,5
28,1,0,0,1,1475,0,0,1,13,2,0,1,0,0,0,4,0,1,84,3,2,0,0,0,0,0,0,0,1,3,0,0,1,9854,23352,3,0,1,11,3,4,80,0,6,0,3,2,0,2,2
29,0,0,0,1,986,0,1,0,3,4,0,0,1,0,0,2,1,0,93,2,3,1,0,0,0,0,0,0,0,3,0,1,0,11935,21526,1,1,0,18,3,3,80,0,10,2,3,10,2,0,7
58,1,0,0,1,286,0,1,0,2,4,0,0,0,0,1,4,1,0,31,3,5,1,0,0,0,0,0,0,0,2,0,0,1,19246,25761,7,0,1,12,3,4,80,0,40,2,3,31,15,13,8
44,1,0,0,1,935,0,1,0,3,3,0,0,0,0,1,1,1,0,89,3,1,0,0,0,0,0,1,0,0,1,0,1,0,2362,14669,4,1,0,12,3,3,80,0,10,4,4,3,2,1,2
32,0,0,0,1,824,0,1,0,5,2,0,0,0,0,1,4,0,1,67,2,2,0,0,0,0,0,0,1,0,2,0,1,0,5878,15624,3,1,0,12,3,1,80,1,12,2,3,7,1,2,5
48,0,0,0,1,1469,0,1,0,20,4,0,0,1,0,0,4,1,0,51,3,1,0,0,0,0,0,0,1,0,3,0,1,0,2259,5543,4,1,0,17,3,1,80,2,13,2,2,0,0,0,0
18,1,0,1,0,544,0,0,1,3,2,0,0,1,0,0,2,0,1,70,3,1,0,1,0,0,0,0,0,0,4,0,0,1,1569,18420,1,0,1,12,3,3,80,0,0,2,4,0,0,0,0
35,1,0,0,1,737,0,0,1,10,3,0,0,1,0,0,4,1,0,55,2,3,0,0,0,0,0,0,0,1,1,0,1,0,10306,21530,9,1,0,17,3,3,80,0,15,3,3,13,12,6,0
23,1,0,0,1,1320,0,1,0,8,1,0,0,1,0,0,4,1,0,93,2,1,0,0,0,0,0,1,0,0,3,0,0,1,3989,20586,1,0,1,11,3,1,80,0,5,2,3,5,4,1,2
29,0,0,0,1,1010,0,1,0,1,3,0,0,0,0,1,1,0,1,97,3,1,0,0,0,0,0,0,1,0,4,1,0,0,3760,5598,1,1,0,15,3,1,80,3,3,5,3,3,2,1,2
25,1,0,0,1,688,0,1,0,3,3,0,0,1,0,0,1,1,0,91,3,1,0,0,0,0,0,1,0,0,1,0,1,0,4031,9396,5,1,0,13,3,3,80,1,6,5,3,2,2,0,2
46,1,0,0,1,377,0,0,1,9,3,0,1,0,0,0,1,1,0,52,3,3,0,0,0,0,0,0,0,1,4,1,0,0,10096,15986,4,1,0,11,3,1,80,1,28,1,4,7,7,4,3
32,1,0,0,1,515,0,1,0,1,3,0,0,0,0,1,4,1,0,62,2,1,0,0,0,0,0,1,0,0,3,0,0,1,3730,9571,0,0,1,14,3,4,80,0,4,2,1,3,2,1,2
37,0,0,1,0,1278,0,0,1,1,4,0,0,1,0,0,3,1,0,31,1,2,0,0,0,0,0,0,0,1,4,1,0,0,9525,7677,1,1,0,14,3,3,80,2,6,2,2,6,3,1,3
34,0,0,1,0,648,1,0,0,11,3,0,0,0,0,1,3,1,0,56,2,2,0,0,0,0,0,0,0,0,2,0,1,0,4490,21833,4,1,0,11,3,4,80,2,14,5,4,10,9,1,8
47,1,1,0,0,666,0,1,0,29,4,0,0,0,0,1,1,1,0,88,3,3,0,0,1,0,0,0,0,0,2,0,1,0,11849,10268,1,0,1,12,3,4,80,1,10,2,2,10,7,9,9
25,0,0,0,1,1382,0,0,1,8,2,0,0,0,1,0,1,0,1,85,3,2,0,0,0,0,0,0,0,1,3,1,0,0,4907,13684,0,0,1,22,4,2,80,1,6,3,2,5,3,0,4
40,0,1,0,0,1142,0,1,0,8,2,0,0,0,0,1,4,1,0,72,3,2,0,0,0,1,0,0,0,0,4,1,0,0,4069,8841,3,0,1,18,3,3,80,0,8,2,3,2,2,2,2
28,0,0,1,0,193,0,1,0,2,3,0,0,0,0,1,4,1,0,52,2,1,0,0,0,0,0,1,0,0,4,0,1,0,3867,14222,1,0,1,12,3,2,80,1,2,2,3,2,2,2,2
32,1,0,0,1,1033,0,1,0,9,3,0,0,1,0,0,1,0,1,41,3,1,0,0,0,0,0,1,0,0,1,0,0,1,4200,10224,7,1,0,22,4,1,80,0,10,2,4,5,4,0,4
38,1,0,0,1,903,0,1,0,2,3,0,0,1,0,0,3,1,0,81,3,2,0,0,0,0,1,0,0,0,2,0,1,0,4855,7653,4,1,0,11,3,1,80,2,7,2,3,5,2,1,4
49,0,0,0,1,1261,0,1,0,7,3,0,0,0,1,0,2,1,0,31,2,3,0,0,0,1,0,0,0,0,3,0,0,1,10965,12066,8,1,0,24,4,3,80,0,26,2,3,5,2,0,0
18,1,1,0,0,247,0,1,0,8,1,0,0,1,0,0,3,1,0,80,3,1,0,0,0,0,0,1,0,0,3,0,0,1,1904,13556,1,1,0,12,3,4,80,0,0,0,3,0,0,0,0
31,1,0,1,0,534,0,1,0,20,3,0,0,0,0,1,1,1,0,66,3,3,0,0,0,1,0,0,0,0,3,0,1,0,9824,22908,3,1,0,12,3,1,80,0,12,2,3,1,0,0,0
19,1,0,0,1,419,0,0,1,21,3,0,0,0,1,0,4,1,0,37,2,1,0,1,0,0,0,0,0,0,2,0,0,1,2121,9947,1,0,1,13,3,2,80,0,1,3,4,1,0,0,0
52,0,0,0,1,994,0,1,0,7,4,0,0,0,0,1,2,1,0,87,3,3,0,0,0,1,0,0,0,0,2,0,0,1,10445,15322,7,1,0,19,3,4,80,0,18,4,3,8,6,4,0
31,1,0,1,0,667,0,0,1,1,4,0,0,0,0,1,2,0,1,50,1,1,0,1,0,0,0,0,0,0,3,0,0,1,1359,16154,1,1,0,12,3,2,80,0,1,3,3,1,0,0,0
30,0,0,0,1,852,0,1,0,1,1,0,0,0,0,1,4,1,0,55,2,2,0,0,0,0,0,1,0,0,4,0,1,0,5126,15998,1,0,1,12,3,3,80,2,10,1,2,10,8,3,0
38,0,1,0,0,1336,1,0,0,2,3,0,0,0,0,0,1,1,0,100,3,1,0,0,0,0,0,0,0,0,2,1,0,0,2592,7129,5,1,0,13,3,4,80,3,13,3,3,11,10,3,8
43,0,1,0,0,343,0,1,0,9,3,0,0,0,0,1,1,1,0,52,3,1,0,0,0,0,0,0,1,0,3,0,0,1,2438,24978,4,1,0,13,3,3,80,0,7,2,2,3,2,1,2
60,0,0,0,1,1179,0,0,1,16,4,0,1,0,0,0,1,1,0,84,3,2,0,0,0,0,0,0,0,1,1,0,0,1,5405,11924,8,1,0,14,3,4,80,0,10,1,3,2,2,2,2
47,0,0,0,1,249,0,0,1,2,2,0,1,0,0,0,3,0,1,35,3,2,0,0,0,0,0,0,0,1,4,0,1,0,4537,17783,0,0,1,22,4,1,80,1,8,2,3,7,6,7,7
49,0,0,0,1,1490,0,1,0,7,4,0,0,0,0,1,3,1,0,35,3,3,0,0,0,1,0,0,0,0,2,1,0,0,10466,20948,3,1,0,14,3,2,80,2,29,3,3,8,7,0,7
45,0,1,0,0,589,0,0,1,2,4,0,0,0,0,1,3,0,1,67,3,2,0,0,0,0,0,0,0,1,3,0,1,0,5154,19665,4,1,0,22,4,2,80,2,10,3,4,8,7,5,7
51,0,0,0,1,770,1,0,0,5,3,0,0,0,0,1,3,1,0,84,3,4,0,0,1,0,0,0,0,0,2,1,0,0,14026,17588,1,0,1,11,3,2,80,1,33,2,3,33,9,0,10
39,0,0,0,1,492,0,1,0,12,3,0,0,1,0,0,4,1,0,66,3,2,0,0,0,0,1,0,0,0,2,0,1,0,5295,7693,4,1,0,21,4,3,80,0,7,3,3,5,4,1,0
23,1,0,0,1,427,0,0,1,7,3,0,0,0,0,1,3,1,0,99,3,1,0,1,0,0,0,0,0,0,4,1,0,0,2275,25103,1,0,1,21,4,2,80,1,3,2,3,3,2,0,2
44,1,0,0,1,621,0,1,0,15,3,0,0,1,0,0,1,0,1,73,3,3,0,0,0,1,0,0,0,0,4,0,1,0,7978,14075,1,1,0,11,3,4,80,1,10,2,3,10,7,0,5
26,1,0,0,1,1449,0,1,0,16,4,0,0,1,0,0,1,1,0,45,3,1,0,0,0,0,0,1,0,0,2,1,0,0,2373,14180,2,0,1,13,3,4,80,1,5,2,3,3,2,0,2
28,1,0,1,0,1009,0,1,0,1,3,0,0,1,0,0,1,1,0,45,2,1,0,0,0,0,0,1,0,0,2,1,0,0,2596,7160,1,1,0,15,3,1,80,2,1,2,3,1,0,0,0
31,1,0,1,0,523,0,1,0,2,3,0,0,0,0,1,2,1,0,94,3,1,0,0,0,0,0,1,0,0,4,0,1,0,3722,21081,6,0,1,13,3,3,80,1,7,2,1,2,2,2,2
27,1,0,0,1,1420,0,0,1,2,1,0,1,0,0,0,3,1,0,85,3,1,0,1,0,0,0,0,0,0,1,1,0,0,3041,16346,0,1,0,11,3,2,80,1,5,3,3,4,3,0,2
30,1,0,0,1,1005,0,1,0,3,3,1,0,0,0,0,4,0,1,88,3,1,0,0,0,0,0,0,1,0,1,0,0,1,2657,8556,5,0,1,11,3,3,80,0,8,5,3,5,2,0,4
33,1,0,0,1,465,0,1,0,2,2,0,0,0,0,1,1,0,1,39,3,1,0,0,0,0,0,1,0,0,1,0,1,0,2707,21509,7,1,0,20,4,1,80,0,13,3,4,9,7,1,7
48,1,0,1,0,708,0,0,1,7,2,0,0,1,0,0,4,0,1,95,3,1,0,1,0,0,0,0,0,0,3,0,1,0,2655,11740,2,0,1,11,3,3,80,2,19,3,3,9,7,7,7
35,1,0,1,0,130,0,1,0,25,4,0,0,0,0,1,4,0,1,96,3,1,0,0,0,0,0,0,1,0,2,1,0,0,2022,16612,1,0,1,19,3,1,80,1,10,3,2,10,2,7,8
50,1,0,1,0,878,0,0,1,1,4,0,0,0,0,1,2,1,0,94,3,2,0,0,0,0,0,0,0,1,3,1,0,0,6728,14255,7,1,0,12,3,4,80,2,12,3,3,6,3,0,1
32,1,0,0,1,1259,0,1,0,2,4,0,0,0,0,1,4,1,0,95,3,1,0,0,0,0,0,1,0,0,2,0,0,1,1393,24852,1,1,0,12,3,1,80,0,1,2,3,1,0,0,0
52,1,0,0,1,266,0,0,1,2,1,0,1,0,0,0,1,0,1,57,1,5,0,0,1,0,0,0,0,0,4,0,1,0,19845,25846,1,1,0,15,3,4,80,1,33,3,3,32,14,6,9
19,1,0,1,0,602,0,0,1,1,1,1,0,0,0,0,3,0,1,100,1,1,0,1,0,0,0,0,0,0,1,0,0,1,2325,20989,0,1,0,21,4,1,80,0,1,5,4,0,0,0,0
40,0,0,0,1,107,0,0,1,10,3,1,0,0,0,0,2,0,1,84,2,2,0,0,0,0,0,0,0,1,2,1,0,0,6852,11591,7,1,0,12,3,2,80,1,7,2,4,5,1,1,3
25,0,0,0,1,583,0,0,1,4,1,0,1,0,0,0,3,1,0,87,2,2,0,0,0,0,0,0,0,1,1,0,1,0,4256,18154,1,1,0,12,3,1,80,0,5,1,4,5,2,0,3
52,1,0,0,1,723,0,1,0,8,4,0,0,1,0,0,3,1,0,85,2,2,0,0,0,0,0,0,1,0,2,0,1,0,4941,17747,2,1,0,15,3,1,80,0,11,3,2,8,2,7,7
36,1,0,0,1,318,0,1,0,9,3,0,0,1,0,0,4,1,0,79,2,1,0,0,0,0,0,0,1,0,3,0,1,0,3388,21777,0,0,1,17,3,1,80,1,2,0,2,1,0,0,0
25,1,0,0,1,867,0,0,1,19,2,0,1,0,0,0,3,1,0,36,2,1,0,1,0,0,0,0,0,0,2,0,1,0,2413,18798,1,0,1,18,3,3,80,3,1,2,3,1,0,0,0
25,0,0,0,1,977,0,1,0,2,1,0,0,0,1,0,4,1,0,57,3,1,0,0,0,0,0,1,0,0,3,1,0,0,3977,7298,6,0,1,19,3,3,80,1,7,2,2,2,2,0,2
33,0,0,1,0,515,0,1,0,1,2,0,0,0,0,1,1,0,1,98,3,3,1,0,0,0,0,0,0,0,4,0,0,1,13458,15146,1,0,1,12,3,3,80,0,15,1,3,15,14,8,12
49,0,0,0,1,465,0,1,0,6,1,0,0,0,0,1,3,0,1,41,2,4,0,0,0,1,0,0,0,0,3,0,1,0,13966,11652,2,0,1,19,3,2,80,1,30,3,3,15,11,2,12
40,0,0,0,1,616,0,1,0,2,2,0,0,0,0,1,3,0,1,99,3,1,0,0,0,0,0,1,0,0,1,0,1,0,3377,25605,4,1,0,17,3,4,80,1,7,5,2,4,3,0,2
22,0,0,0,1,534,0,1,0,15,3,0,0,1,0,0,2,0,1,59,3,1,0,0,0,0,0,1,0,0,4,0,0,1,2871,23785,1,1,0,15,3,3,80,0,1,5,3,0,0,0,0
38,1,0,0,1,1180,0,1,0,29,1,0,0,1,0,0,2,1,0,70,3,2,0,0,0,1,0,0,0,0,1,0,1,0,6673,11354,7,0,1,19,3,2,80,0,17,2,3,1,0,0,0
42,0,0,0,1,603,0,1,0,7,4,0,0,1,0,0,2,0,1,78,4,2,0,0,0,0,0,0,1,0,2,0,1,0,2372,5628,6,0,1,16,3,4,80,0,18,2,3,1,0,0,0
29,1,0,0,1,906,0,1,0,10,3,0,0,0,0,1,4,0,1,92,2,1,0,0,0,0,0,0,1,0,1,0,0,1,2404,11479,6,0,1,20,4,3,80,0,3,5,3,0,0,0,0
42,0,0,0,1,462,0,0,1,14,2,0,0,1,0,0,3,0,1,68,2,2,0,0,0,0,0,0,0,1,3,0,0,1,6244,7824,7,1,0,17,3,1,80,0,10,6,3,5,4,0,3
48,0,0,1,0,365,0,1,0,4,5,0,0,1,0,0,3,1,0,89,2,4,0,0,1,0,0,0,0,0,4,0,1,0,15202,5602,2,1,0,25,4,2,80,1,23,3,3,2,2,2,2
30,1,0,0,1,138,0,1,0,22,3,0,0,0,0,1,1,0,1,48,3,1,0,0,0,0,0,0,1,0,3,0,1,0,2132,11539,4,0,1,11,3,2,80,0,7,2,3,5,2,0,1
33,1,0,0,1,527,0,1,0,1,4,0,0,0,1,0,4,1,0,63,3,1,0,0,0,0,0,0,1,0,4,0,0,1,2686,5207,1,0,1,13,3,3,80,0,10,2,2,10,9,7,8
43,0,0,0,1,920,0,1,0,3,3,0,0,0,0,1,3,1,0,96,1,5,1,0,0,0,0,0,0,0,4,0,1,0,19740,18625,3,1,0,14,3,2,80,1,25,2,3,8,7,0,7
33,0,0,0,1,1198,0,1,0,1,4,0,0,0,1,0,3,1,0,100,2,1,0,0,0,0,0,0,1,0,1,0,0,1,2799,3339,3,0,1,11,3,2,80,0,6,1,3,3,2,0,2
51,1,0,0,1,1323,0,1,0,4,4,0,0,0,0,1,1,1,0,34,3,1,0,0,0,0,0,0,1,0,3,0,1,0,2461,10332,9,0,1,12,3,3,80,3,18,2,4,10,0,2,7
30,0,0,0,1,1465,0,1,0,1,3,0,0,1,0,0,4,1,0,63,3,1,0,0,0,0,0,0,1,0,2,0,1,0,3579,9369,0,0,1,21,4,1,80,1,12,2,3,11,9,5,7
32,1,0,1,0,238,0,1,0,5,2,0,0,0,0,1,1,0,1,47,4,1,0,0,0,0,0,0,1,0,3,0,0,1,2432,15318,3,0,1,14,3,1,80,0,8,2,3,4,1,0,3
35,0,0,1,0,138,0,1,0,2,3,0,0,1,0,0,2,0,1,37,3,2,0,0,0,0,0,1,0,0,2,0,0,1,4425,15986,5,1,0,11,3,4,80,0,10,5,3,6,2,1,2
25,1,0,0,1,383,0,0,1,9,2,0,0,0,0,1,1,1,0,68,2,1,0,1,0,0,0,0,0,0,1,0,1,0,4400,15182,3,1,0,12,3,1,80,0,6,2,3,3,2,2,2
31,1,0,0,1,359,1,0,0,18,5,0,0,0,0,0,4,1,0,89,4,1,0,0,0,0,0,0,0,0,1,0,1,0,2956,21495,0,1,0,17,3,3,80,0,2,4,3,1,0,0,0
28,1,0,0,1,329,0,1,0,24,3,0,0,1,0,0,3,1,0,51,3,1,0,0,0,0,0,1,0,0,2,0,1,0,2408,7324,1,0,1,17,3,3,80,3,1,3,3,1,1,0,0
55,1,0,0,1,725,0,1,0,2,3,0,0,1,0,0,4,1,0,78,3,5,0,0,1,0,0,0,0,0,1,0,1,0,19859,21199,5,0,1,13,3,4,80,1,24,2,3,5,2,1,4
50,0,0,0,1,989,0,1,0,7,2,0,0,1,0,0,2,0,1,43,2,5,1,0,0,0,0,0,0,0,3,1,0,0,18740,16701,5,0,1,12,3,4,80,1,29,2,2,27,3,13,8
28,0,1,0,0,1476,0,1,0,1,3,0,0,0,0,1,3,0,1,55,1,2,0,0,0,0,0,1,0,0,4,0,1,0,6674,16392,0,1,0,11,3,1,80,3,10,6,3,9,8,7,5
24,0,0,0,1,1476,0,0,1,4,1,0,0,1,0,0,4,0,1,42,3,2,0,0,0,0,0,0,0,1,3,0,1,0,4162,15211,1,0,1,12,3,3,80,2,5,3,3,5,4,0,3
28,1,0,0,1,1434,0,1,0,5,4,1,0,0,0,0,3,1,0,50,3,1,0,0,0,0,0,1,0,0,3,0,0,1,3441,11179,1,0,1,13,3,3,80,0,2,3,2,2,2,2,2
56,1,0,0,1,310,0,1,0,7,2,1,0,0,0,0,4,1,0,72,3,1,0,0,0,0,0,1,0,0,3,0,1,0,2339,3666,8,1,0,11,3,4,80,1,14,4,1,10,9,9,8
26,1,0,0,1,1357,0,1,0,25,3,0,0,0,0,1,1,1,0,48,1,1,0,0,0,0,0,1,0,0,3,0,0,1,2293,10558,1,1,0,12,3,3,80,0,1,2,2,1,0,0,1
33,0,0,0,1,931,0,1,0,14,3,0,0,1,0,0,4,0,1,72,3,1,0,0,0,0,0,0,1,0,2,0,1,0,2756,4673,1,1,0,13,3,4,80,1,8,5,3,8,7,1,6
40,0,0,0,1,1308,0,1,0,14,3,0,0,1,0,0,3,1,0,44,2,5,1,0,0,0,0,0,0,0,3,0,0,1,19626,17544,1,1,0,14,3,1,80,0,21,2,4,20,7,4,9
50,0,0,1,0,809,0,0,1,12,3,0,1,0,0,0,3,0,1,77,3,3,0,0,0,0,0,0,0,1,4,0,0,1,9208,6645,4,1,0,11,3,4,80,0,16,3,3,2,2,2,1
24,1,0,1,0,1287,0,1,0,7,3,0,0,0,0,1,1,0,1,55,3,1,0,0,0,0,0,1,0,0,3,0,1,0,2886,14168,1,0,1,16,3,4,80,1,6,4,3,6,3,1,2
29,1,0,0,1,341,0,0,1,1,3,0,0,1,0,0,2,0,1,48,2,1,0,1,0,0,0,0,0,0,3,1,0,0,2800,23522,6,0,1,19,3,3,80,3,5,3,3,3,2,0,2
34,0,0,0,1,167,0,1,0,8,5,0,0,0,0,1,2,0,1,32,3,2,0,0,0,0,1,0,0,0,1,1,0,0,5121,4187,3,1,0,14,3,3,80,1,7,3,3,0,0,0,0
28,1,0,1,0,289,0,1,0,2,2,0,0,1,0,0,3,1,0,38,2,1,0,0,0,0,0,1,0,0,1,0,0,1,2561,5355,7,1,0,11,3,3,80,0,8,2,2,0,0,0,0
40,0,0,0,1,611,0,0,1,7,4,0,0,1,0,0,2,1,0,88,3,5,0,0,1,0,0,0,0,0,2,0,0,1,19833,4349,1,1,0,14,3,2,80,0,21,3,2,21,8,12,8
25,1,0,0,1,1219,0,1,0,4,1,1,0,0,0,0,4,1,0,32,3,1,0,0,0,0,0,1,0,0,4,0,1,0,3691,4605,1,0,1,15,3,2,80,1,7,3,4,7,7,5,6
46,1,0,0,1,669,0,0,1,9,2,0,0,1,0,0,3,1,0,64,2,3,0,0,0,0,0,0,0,1,4,0,0,1,9619,13596,1,1,0,16,3,4,80,0,9,3,3,9,8,4,7
32,1,0,0,1,1089,0,1,0,7,2,0,0,0,0,1,4,1,0,79,3,2,0,0,0,0,0,1,0,0,3,0,1,0,4883,22845,1,1,0,18,3,1,80,1,10,3,3,10,4,1,1
22,1,0,0,1,617,0,1,0,3,1,0,0,0,0,1,2,0,1,34,3,2,0,0,0,0,1,0,0,0,3,0,1,0,4171,10022,0,0,1,19,3,1,80,1,4,3,4,3,2,0,2
39,1,1,0,0,592,0,1,0,2,3,0,0,0,0,1,1,0,1,54,2,1,0,0,0,0,0,1,0,0,1,0,0,1,3646,17181,2,0,1,23,4,2,80,0,11,2,4,1,0,0,0
44,0,0,0,1,1313,0,1,0,7,3,0,0,1,0,0,2,0,1,31,3,5,1,0,0,0,0,0,0,0,4,1,0,0,19049,3549,0,0,1,14,3,4,80,1,23,4,2,22,7,1,10
27,0,1,0,0,443,0,1,0,3,3,0,0,1,0,0,4,1,0,50,3,1,0,0,0,0,0,0,1,0,4,0,1,0,1706,16571,1,1,0,11,3,3,80,3,0,6,2,0,0,0,0
26,0,0,0,1,157,0,1,0,1,3,0,0,1,0,0,3,1,0,95,3,1,0,0,0,0,0,1,0,0,1,0,0,1,2867,20006,0,1,0,13,3,4,80,0,8,6,2,7,7,7,6
47,0,0,0,1,1225,0,0,1,2,4,0,0,0,0,1,2,0,1,47,4,4,0,0,1,0,0,0,0,0,2,1,0,0,15972,21086,6,1,0,14,3,3,80,3,29,2,3,3,2,1,2
37,0,0,0,1,124,0,1,0,3,3,0,0,0,1,0,4,0,1,35,3,2,0,0,0,1,0,0,0,0,2,0,0,1,4107,13848,3,1,0,15,3,1,80,0,8,3,2,4,3,0,1
47,1,0,1,0,1093,0,0,1,9,3,0,0,0,0,1,3,1,0,82,1,4,0,0,0,0,0,0,0,1,3,0,1,0,12936,24164,7,1,0,11,3,3,80,0,25,3,1,23,5,14,10
28,1,0,0,1,529,0,1,0,2,4,0,0,0,0,1,1,1,0,79,3,1,0,0,0,0,0,1,0,0,3,0,0,1,3485,14935,2,1,0,11,3,3,80,0,5,5,1,0,0,0,0
37,0,0,0,1,1305,0,1,0,10,4,0,0,0,0,1,3,1,0,49,3,2,0,0,0,0,1,0,0,0,2,0,0,1,4197,21123,2,0,1,12,3,4,80,0,18,2,2,1,0,0,1
50,1,0,0,1,410,0,0,1,28,3,0,1,0,0,0,4,1,0,39,2,3,0,0,0,0,0,0,0,1,1,1,0,0,10854,16586,4,0,1,13,3,2,80,1,20,3,3,3,2,2,0
29,0,0,0,1,942,0,1,0,15,1,0,0,0,0,1,2,0,1,69,1,1,0,0,0,0,0,0,1,0,4,0,1,0,2168,26933,0,0,1,18,3,1,80,1,6,2,2,5,4,1,3
48,1,0,0,1,626,0,1,0,1,2,0,0,0,0,1,1,1,0,98,2,3,0,0,0,0,0,1,0,0,3,0,0,1,5381,19294,9,0,1,13,3,4,80,0,23,2,3,1,0,0,0
31,0,0,0,1,140,0,1,0,12,1,0,0,1,0,0,3,0,1,95,3,1,0,0,0,0,0,0,1,0,4,0,1,0,3929,6984,8,0,1,23,4,3,80,1,7,0,3,4,2,0,2
30,0,0,0,1,305,0,1,0,16,3,0,0,0,0,1,3,1,0,58,4,2,0,0,0,1,0,0,0,0,3,0,1,0,5294,9128,3,1,0,16,3,3,80,1,10,3,3,7,0,1,7
36,1,0,0,1,885,0,1,0,16,4,0,0,0,0,1,3,0,1,43,4,1,0,0,0,0,0,1,0,0,1,0,0,1,2743,8269,1,1,0,16,3,3,80,0,18,1,3,17,13,15,14
22,1,0,0,1,391,0,1,0,7,1,0,0,0,0,1,4,1,0,75,3,1,0,0,0,0,0,0,1,0,2,0,0,1,2472,26092,1,0,1,23,4,1,80,0,1,2,3,1,0,0,0
40,0,0,0,1,1124,0,0,1,1,2,0,0,1,0,0,2,1,0,57,1,2,0,0,0,0,0,0,0,1,4,0,1,0,7457,13273,2,0,1,22,4,3,80,3,6,2,2,4,3,0,2
