Usera,Chamberí,San Blas-Canillejas,Moncloa-Aravaca,Barajas,Salamanca,Tetuán,Chamartín,Carabanchel,Villaverde,Latina,Hortaleza,Centro,Ciudad Lineal,Vicálvaro,Villa de Vallecas,Retiro,Fuencarral-El Pardo,Moratalaz,Puente de Vallecas,price,baths,rooms,sqft,Independientes
1,0,0,0,0,0,0,0,0,0,0,0,0,0,0,0,0,0,0,0,155000,1,2,74,0
0,0,0,0,0,0,0,0,0,0,0,0,0,0,0,0,0,0,0,0,560000,2,5,148,0
0,0,0,0,0,0,0,0,0,0,0,0,0,0,0,0,0,0,0,0,979000,2,3,154,0
0,0,0,0,0,0,0,0,0,0,0,0,0,0,0,0,0,0,0,0,400000,2,3,118,0
0,0,0,0,0,0,0,0,0,0,0,0,0,0,0,0,0,0,0,0,500000,1,2,96,0
0,0,0,0,0,0,0,0,0,0,0,0,0,0,0,0,0,0,0,0,169000,1,0,36,0
0,1,0,0,0,0,0,0,0,0,0,0,0,0,0,0,0,0,0,0,2800000,3,4,201,0
0,1,0,0,0,0,0,0,0,0,0,0,0,0,0,0,0,0,0,0,1049000,2,3,158,0
0,1,0,0,0,0,0,0,0,0,0,0,0,0,0,0,0,0,0,0,2500000,5,6,306,0
0,1,0,0,0,0,0,0,0,0,0,0,0,0,0,0,0,0,0,0,1500000,3,3,137,0
0,1,0,0,0,0,0,0,0,0,0,0,0,0,0,0,0,0,0,0,1650000,3,4,238,0
0,1,0,0,0,0,0,0,0,0,0,0,0,0,0,0,0,0,0,0,2700000,4,4,304,0
0,1,0,0,0,0,0,0,0,0,0,0,0,0,0,0,0,0,0,0,950000,2,2,120,0
0,1,0,0,0,0,0,0,0,0,0,0,0,0,0,0,0,0,0,0,2690000,5,5,270,0
0,1,0,0,0,0,0,0,0,0,0,0,0,0,0,0,0,0,0,0,2600000,4,4,459,0
0,1,0,0,0,0,0,0,0,0,0,0,0,0,0,0,0,0,0,0,4200000,4,5,404,0
0,1,0,0,0,0,0,0,0,0,0,0,0,0,0,0,0,0,0,0,3200000,4,8,596,0
0,1,0,0,0,0,0,0,0,0,0,0,0,0,0,0,0,0,0,0,2900000,2,3,216,0
0,1,0,0,0,0,0,0,0,0,0,0,0,0,0,0,0,0,0,0,3200000,4,7,596,0
0,1,0,0,0,0,0,0,0,0,0,0,0,0,0,0,0,0,0,0,3250000,3,5,300,0
0,1,0,0,0,0,0,0,0,0,0,0,0,0,0,0,0,0,0,0,2700000,3,3,200,0
0,1,0,0,0,0,0,0,0,0,0,0,0,0,0,0,0,0,0,0,3195000,5,5,274,0
0,1,0,0,0,0,0,0,0,0,0,0,0,0,0,0,0,0,0,0,1380000,2,2,120,0
0,1,0,0,0,0,0,0,0,0,0,0,0,0,0,0,0,0,0,0,3250000,3,6,300,0
0,1,0,0,0,0,0,0,0,0,0,0,0,0,0,0,0,0,0,0,750000,2,2,105,0
1,0,0,0,0,0,0,0,0,0,0,0,0,0,0,0,0,0,0,0,689000,2,3,161,0
1,0,0,0,0,0,0,0,0,0,0,0,0,0,0,0,0,0,0,0,203000,1,1,47,0
1,0,0,0,0,0,0,0,0,0,0,0,0,0,0,0,0,0,0,0,169000,1,2,74,0
0,0,1,0,0,0,0,0,0,0,0,0,0,0,0,0,0,0,0,0,255900,1,3,93,0
0,1,0,0,0,0,0,0,0,0,0,0,0,0,0,0,0,0,0,0,850000,2,3,145,0
0,1,0,0,0,0,0,0,0,0,0,0,0,0,0,0,0,0,0,0,319000,1,1,50,0
0,1,0,0,0,0,0,0,0,0,0,0,0,0,0,0,0,0,0,0,695000,2,3,120,0
0,1,0,0,0,0,0,0,0,0,0,0,0,0,0,0,0,0,0,0,850000,2,2,118,0
0,1,0,0,0,0,0,0,0,0,0,0,0,0,0,0,0,0,0,0,2500000,5,6,399,0
0,1,0,0,0,0,0,0,0,0,0,0,0,0,0,0,0,0,0,0,349000,1,2,82,0
0,0,0,1,0,0,0,0,0,0,0,0,0,0,0,0,0,0,0,0,675000,2,3,153,0
0,0,0,1,0,0,0,0,0,0,0,0,0,0,0,0,0,0,0,0,990000,4,5,292,0
0,0,0,1,0,0,0,0,0,0,0,0,0,0,0,0,0,0,0,0,958800,4,4,150,0
0,0,0,1,0,0,0,0,0,0,0,0,0,0,0,0,0,0,0,0,3950000,8,8,725,1
0,0,0,1,0,0,0,0,0,0,0,0,0,0,0,0,0,0,0,0,1250000,5,4,300,1
0,0,0,0,0,0,0,0,0,0,0,0,0,0,0,0,0,0,0,0,850000,2,4,182,0
0,0,0,1,0,0,0,0,0,0,0,0,0,0,0,0,0,0,0,0,1850000,5,5,306,0
0,0,0,1,0,0,0,0,0,0,0,0,0,0,0,0,0,0,0,0,750000,3,5,156,0
0,0,0,1,0,0,0,0,0,0,0,0,0,0,0,0,0,0,0,0,435000,1,2,82,0
0,0,0,1,0,0,0,0,0,0,0,0,0,0,0,0,0,0,0,0,1349000,3,3,183,0
0,0,0,1,0,0,0,0,0,0,0,0,0,0,0,0,0,0,0,0,1320000,3,4,255,0
0,0,0,1,0,0,0,0,0,0,0,0,0,0,0,0,0,0,0,0,920000,3,5,210,0
0,0,0,1,0,0,0,0,0,0,0,0,0,0,0,0,0,0,0,0,560000,2,2,70,0
0,0,0,1,0,0,0,0,0,0,0,0,0,0,0,0,0,0,0,0,660000,1,1,58,0
0,0,0,1,0,0,0,0,0,0,0,0,0,0,0,0,0,0,0,0,435000,1,2,89,0
0,0,0,1,0,0,0,0,0,0,0,0,0,0,0,0,0,0,0,0,940000,2,3,139,0
0,0,0,1,0,0,0,0,0,0,0,0,0,0,0,0,0,0,0,0,660000,1,1,58,0
0,0,0,1,0,0,0,0,0,0,0,0,0,0,0,0,0,0,0,0,375000,2,2,60,0
0,0,0,0,1,0,0,0,0,0,0,0,0,0,0,0,0,0,0,0,860000,3,6,363,1
0,0,0,0,1,0,0,0,0,0,0,0,0,0,0,0,0,0,0,0,299000,2,3,101,0
0,0,0,0,1,0,0,0,0,0,0,0,0,0,0,0,0,0,0,0,270000,1,1,80,0
0,0,0,0,0,1,0,0,0,0,0,0,0,0,0,0,0,0,0,0,2300000,3,4,242,0
0,0,0,0,0,1,0,0,0,0,0,0,0,0,0,0,0,0,0,0,698000,2,2,108,0
0,0,0,0,0,1,0,0,0,0,0,0,0,0,0,0,0,0,0,0,1050000,4,6,259,0
0,0,0,0,0,1,0,0,0,0,0,0,0,0,0,0,0,0,0,0,750000,2,2,101,0
0,0,0,0,0,1,0,0,0,0,0,0,0,0,0,0,0,0,0,0,1750000,3,4,220,0
0,0,0,0,0,1,0,0,0,0,0,0,0,0,0,0,0,0,0,0,899000,2,3,177,0
0,0,0,0,0,1,0,0,0,0,0,0,0,0,0,0,0,0,0,0,2000000,3,4,216,0
0,0,0,0,0,1,0,0,0,0,0,0,0,0,0,0,0,0,0,0,900000,3,3,138,0
0,0,0,0,0,1,0,0,0,0,0,0,0,0,0,0,0,0,0,0,1490000,3,2,133,0
0,0,0,0,0,1,0,0,0,0,0,0,0,0,0,0,0,0,0,0,1680000,3,3,150,0
0,0,0,0,0,1,0,0,0,0,0,0,0,0,0,0,0,0,0,0,1450000,3,3,223,0
0,0,0,0,0,1,0,0,0,0,0,0,0,0,0,0,0,0,0,0,1950000,3,5,236,0
0,0,0,0,0,1,0,0,0,0,0,0,0,0,0,0,0,0,0,0,1380000,2,4,145,0
0,0,0,0,0,1,0,0,0,0,0,0,0,0,0,0,0,0,0,0,2200000,3,4,257,0
0,0,0,0,0,1,0,0,0,0,0,0,0,0,0,0,0,0,0,0,715000,1,2,117,0
0,0,0,0,0,1,0,0,0,0,0,0,0,0,0,0,0,0,0,0,1190000,2,3,135,0
0,0,0,0,0,1,0,0,0,0,0,0,0,0,0,0,0,0,0,0,1700000,4,4,232,0
0,0,0,0,0,1,0,0,0,0,0,0,0,0,0,0,0,0,0,0,1800000,4,3,150,0
0,0,0,0,0,1,0,0,0,0,0,0,0,0,0,0,0,0,0,0,1980000,3,3,236,0
0,0,0,0,0,1,0,0,0,0,0,0,0,0,0,0,0,0,0,0,2450000,4,5,277,0
0,0,0,0,0,1,0,0,0,0,0,0,0,0,0,0,0,0,0,0,2300000,3,4,242,0
0,0,0,0,0,1,0,0,0,0,0,0,0,0,0,0,0,0,0,0,1580000,3,3,182,0
0,0,0,0,0,1,0,0,0,0,0,0,0,0,0,0,0,0,0,0,780000,2,2,74,0
0,0,0,0,0,1,0,0,0,0,0,0,0,0,0,0,0,0,0,0,1150000,3,3,152,0
0,0,0,0,0,1,0,0,0,0,0,0,0,0,0,0,0,0,0,0,1705000,3,3,138,0
0,0,0,0,0,1,0,0,0,0,0,0,0,0,0,0,0,0,0,0,680000,1,2,92,0
0,0,0,0,0,1,0,0,0,0,0,0,0,0,0,0,0,0,0,0,5900000,4,4,277,0
0,0,0,0,0,1,0,0,0,0,0,0,0,0,0,0,0,0,0,0,1250000,3,4,182,0
0,0,0,0,0,1,0,0,0,0,0,0,0,0,0,0,0,0,0,0,3950000,5,4,290,0
0,0,0,0,0,1,0,0,0,0,0,0,0,0,0,0,0,0,0,0,899000,2,3,177,0
0,0,0,0,0,1,0,0,0,0,0,0,0,0,0,0,0,0,0,0,799000,2,2,75,0
0,0,0,0,0,1,0,0,0,0,0,0,0,0,0,0,0,0,0,0,1490000,3,3,144,0
0,0,0,0,0,1,0,0,0,0,0,0,0,0,0,0,0,0,0,0,698000,2,2,108,0
0,0,0,0,0,1,0,0,0,0,0,0,0,0,0,0,0,0,0,0,1170000,2,2,117,0
0,0,0,0,0,1,0,0,0,0,0,0,0,0,0,0,0,0,0,0,780000,2,2,74,0
0,0,0,0,0,1,0,0,0,0,0,0,0,0,0,0,0,0,0,0,895000,2,3,101,0
0,0,0,0,0,1,0,0,0,0,0,0,0,0,0,0,0,0,0,0,1250000,4,5,276,0
0,0,0,0,0,1,0,0,0,0,0,0,0,0,0,0,0,0,0,0,1995000,3,3,174,0
0,0,0,0,0,1,0,0,0,0,0,0,0,0,0,0,0,0,0,0,1320000,2,3,140,0
0,0,0,0,0,1,0,0,0,0,0,0,0,0,0,0,0,0,0,0,3490000,3,5,383,0
0,0,0,0,0,1,0,0,0,0,0,0,0,0,0,0,0,0,0,0,720000,1,2,73,0
0,0,0,0,0,1,0,0,0,0,0,0,0,0,0,0,0,0,0,0,698000,2,2,108,0
0,0,0,0,0,1,0,0,0,0,0,0,0,0,0,0,0,0,0,0,3950000,5,4,291,0
0,0,0,0,0,1,0,0,0,0,0,0,0,0,0,0,0,0,0,0,2500000,4,3,343,0
0,0,0,0,0,1,0,0,0,0,0,0,0,0,0,0,0,0,0,0,1175000,2,2,118,0
0,0,0,0,0,1,0,0,0,0,0,0,0,0,0,0,0,0,0,0,560000,2,2,84,0
0,0,0,0,0,1,0,0,0,0,0,0,0,0,0,0,0,0,0,0,810000,2,3,131,0
0,0,0,0,0,1,0,0,0,0,0,0,0,0,0,0,0,0,0,0,3950000,5,4,291,0
0,0,0,0,0,1,0,0,0,0,0,0,0,0,0,0,0,0,0,0,1100000,2,3,100,0
0,0,0,0,0,1,0,0,0,0,0,0,0,0,0,0,0,0,0,0,1650000,3,3,200,0
0,0,0,0,0,1,0,0,0,0,0,0,0,0,0,0,0,0,0,0,1695000,3,3,181,0
0,0,0,0,0,1,0,0,0,0,0,0,0,0,0,0,0,0,0,0,725000,2,5,200,0
0,0,0,0,0,1,0,0,0,0,0,0,0,0,0,0,0,0,0,0,875000,2,3,101,0
0,0,0,0,0,1,0,0,0,0,0,0,0,0,0,0,0,0,0,0,799000,2,2,75,0
0,0,0,0,0,1,0,0,0,0,0,0,0,0,0,0,0,0,0,0,2680000,3,3,199,0
0,0,0,0,0,1,0,0,0,0,0,0,0,0,0,0,0,0,0,0,2055000,3,2,242,0
0,0,0,0,0,1,0,0,0,0,0,0,0,0,0,0,0,0,0,0,1195000,3,6,213,0
0,0,0,0,0,1,0,0,0,0,0,0,0,0,0,0,0,0,0,0,1550000,3,3,156,0
0,0,0,0,0,1,0,0,0,0,0,0,0,0,0,0,0,0,0,0,1950000,4,5,240,0
0,0,0,0,0,1,0,0,0,0,0,0,0,0,0,0,0,0,0,0,2650000,2,7,272,0
0,0,0,0,0,1,0,0,0,0,0,0,0,0,0,0,0,0,0,0,1320000,2,3,140,0
0,0,0,0,0,1,0,0,0,0,0,0,0,0,0,0,0,0,0,0,3950000,5,4,291,0
0,0,0,0,0,0,1,0,0,0,0,0,0,0,0,0,0,0,0,0,325000,1,2,76,0
0,0,0,0,0,0,0,1,0,0,0,0,0,0,0,0,0,0,0,0,995000,3,3,160,1
0,0,0,0,0,0,0,1,0,0,0,0,0,0,0,0,0,0,0,0,1970000,4,4,283,0
0,0,0,0,0,0,0,1,0,0,0,0,0,0,0,0,0,0,0,0,1100000,3,3,160,1
0,0,0,0,0,0,0,1,0,0,0,0,0,0,0,0,0,0,0,0,3000000,5,4,269,1
0,0,0,0,0,0,0,1,0,0,0,0,0,0,0,0,0,0,0,0,1100000,3,5,199,0
0,0,0,0,0,0,0,1,0,0,0,0,0,0,0,0,0,0,0,0,790000,3,3,137,0
0,0,0,0,0,0,0,1,0,0,0,0,0,0,0,0,0,0,0,0,1450000,4,4,258,0
0,0,0,0,0,0,0,1,0,0,0,0,0,0,0,0,0,0,0,0,1160000,3,5,202,0
0,0,0,0,0,0,1,0,0,0,0,0,0,0,0,0,0,0,0,0,450000,2,3,105,0
0,0,0,0,0,0,1,0,0,0,0,0,0,0,0,0,0,0,0,0,279000,1,2,70,0
0,0,0,0,0,0,1,0,0,0,0,0,0,0,0,0,0,0,0,0,339000,2,3,87,0
0,0,0,0,0,0,1,0,0,0,0,0,0,0,0,0,0,0,0,0,300000,1,1,75,0
0,0,0,0,0,0,0,0,1,0,0,0,0,0,0,0,0,0,0,0,230000,2,3,98,0
0,0,0,0,0,0,0,0,0,1,0,0,0,0,0,0,0,0,0,0,265000,2,2,97,0
0,0,0,0,0,0,0,0,0,0,1,0,0,0,0,0,0,0,0,0,388000,2,4,144,0
0,0,0,0,0,0,0,0,0,0,0,1,0,0,0,0,0,0,0,0,420000,2,3,73,0
0,0,0,0,0,0,0,0,0,0,0,1,0,0,0,0,0,0,0,0,1900000,4,7,370,1
0,0,0,0,0,0,0,0,0,0,0,1,0,0,0,0,0,0,0,0,210000,1,0,51,0
0,0,0,0,0,0,0,0,0,0,0,1,0,0,0,0,0,0,0,0,1900000,4,6,372,1
0,0,1,0,0,0,0,0,0,0,0,0,0,0,0,0,0,0,0,0,1950000,7,8,660,1
0,0,0,0,1,0,0,0,0,0,0,0,0,0,0,0,0,0,0,0,485000,2,3,180,0
0,0,0,0,0,1,0,0,0,0,0,0,0,0,0,0,0,0,0,0,1995000,3,3,170,0
0,0,0,0,0,1,0,0,0,0,0,0,0,0,0,0,0,0,0,0,3900000,5,5,284,0
0,0,0,0,0,1,0,0,0,0,0,0,0,0,0,0,0,0,0,0,7900000,5,4,473,0
0,0,0,0,0,1,0,0,0,0,0,0,0,0,0,0,0,0,0,0,1400000,4,3,125,0
0,0,0,0,0,1,0,0,0,0,0,0,0,0,0,0,0,0,0,0,2990000,3,4,275,0
0,0,0,0,0,1,0,0,0,0,0,0,0,0,0,0,0,0,0,0,485000,1,1,48,0
0,0,0,0,0,1,0,0,0,0,0,0,0,0,0,0,0,0,0,0,4300000,3,10,451,0
0,0,0,0,0,1,0,0,0,0,0,0,0,0,0,0,0,0,0,0,3900000,5,5,284,0
0,0,0,0,0,1,0,0,0,0,0,0,0,0,0,0,0,0,0,0,1670000,3,4,158,0
0,0,0,0,0,1,0,0,0,0,0,0,0,0,0,0,0,0,0,0,1400000,4,3,125,0
0,0,0,0,0,1,0,0,0,0,0,0,0,0,0,0,0,0,0,0,879000,2,2,76,0
0,0,0,0,0,1,0,0,0,0,0,0,0,0,0,0,0,0,0,0,1500000,3,4,173,0
0,0,0,0,0,1,0,0,0,0,0,0,0,0,0,0,0,0,0,0,1320000,2,3,140,0
0,0,0,0,0,1,0,0,0,0,0,0,0,0,0,0,0,0,0,0,2950000,3,4,350,0
0,0,0,0,0,1,0,0,0,0,0,0,0,0,0,0,0,0,0,0,1680000,4,3,214,0
0,0,0,0,0,1,0,0,0,0,0,0,0,0,0,0,0,0,0,0,960000,2,4,150,0
0,0,0,0,0,1,0,0,0,0,0,0,0,0,0,0,0,0,0,0,780000,1,2,74,0
0,0,0,0,0,1,0,0,0,0,0,0,0,0,0,0,0,0,0,0,1680000,3,3,214,0
0,0,0,0,0,0,0,1,0,0,0,0,0,0,0,0,0,0,0,0,442327,2,0,91,0
0,0,0,0,0,0,0,1,0,0,0,0,0,0,0,0,0,0,0,0,999500,3,5,193,0
0,0,0,0,0,0,0,1,0,0,0,0,0,0,0,0,0,0,0,0,1330000,3,5,238,0
0,0,0,0,0,0,0,1,0,0,0,0,0,0,0,0,0,0,0,0,1200000,2,3,243,0
0,0,0,0,0,0,0,0,0,0,0,0,1,0,0,0,0,0,0,0,780000,2,2,117,0
0,0,0,0,0,0,0,0,0,0,0,0,1,0,0,0,0,0,0,0,1950000,4,3,175,0
0,0,0,0,0,0,0,0,0,0,0,0,1,0,0,0,0,0,0,0,750000,2,4,146,0
0,0,0,0,0,0,0,0,0,0,0,0,1,0,0,0,0,0,0,0,529900,1,2,88,0
0,0,0,0,0,0,0,0,0,0,0,0,1,0,0,0,0,0,0,0,695000,2,2,141,0
0,0,0,0,0,0,0,0,0,0,0,0,1,0,0,0,0,0,0,0,2575000,4,4,215,0
0,0,0,0,0,0,0,0,0,0,0,0,1,0,0,0,0,0,0,0,993000,2,4,165,0
0,0,0,0,0,0,0,0,0,0,0,0,1,0,0,0,0,0,0,0,515000,1,2,78,0
0,0,0,0,0,0,0,0,0,0,0,0,1,0,0,0,0,0,0,0,1200000,2,4,174,0
0,0,0,0,0,0,0,0,0,0,0,0,1,0,0,0,0,0,0,0,1200000,2,3,140,0
0,0,0,0,0,0,0,0,0,0,0,0,1,0,0,0,0,0,0,0,2100000,3,3,315,0
0,0,0,0,0,0,0,0,0,0,0,0,1,0,0,0,0,0,0,0,680000,1,2,99,0
0,0,0,0,0,0,0,0,0,0,0,0,1,0,0,0,0,0,0,0,550000,2,2,88,0
0,0,0,0,0,0,0,0,0,0,0,0,1,0,0,0,0,0,0,0,529900,1,2,88,0
0,0,0,0,0,0,0,0,0,0,0,0,1,0,0,0,0,0,0,0,720000,2,2,87,0
0,0,0,0,0,0,0,0,0,0,0,0,1,0,0,0,0,0,0,0,1575000,2,2,189,0
0,0,0,0,0,0,0,0,0,0,0,0,1,0,0,0,0,0,0,0,1550000,2,7,272,0
0,0,0,0,0,0,0,0,0,0,0,0,1,0,0,0,0,0,0,0,790000,1,1,62,0
0,0,0,0,0,0,0,0,0,0,0,0,1,0,0,0,0,0,0,0,3600000,4,5,360,0
0,0,0,0,0,0,0,0,0,0,0,0,1,0,0,0,0,0,0,0,345000,1,1,55,0
0,0,0,0,0,0,0,0,0,0,0,0,1,0,0,0,0,0,0,0,260000,1,1,60,0
0,0,0,0,0,0,0,0,0,0,0,0,1,0,0,0,0,0,0,0,690000,2,3,113,0
0,0,0,0,0,0,0,0,0,0,0,0,1,0,0,0,0,0,0,0,309000,1,1,45,0
0,0,0,0,0,0,0,0,0,0,0,0,1,0,0,0,0,0,0,0,1175000,3,4,171,0
0,0,0,0,0,0,0,0,0,0,0,0,1,0,0,0,0,0,0,0,1575000,2,2,209,0
0,0,0,0,0,0,0,0,0,0,0,0,1,0,0,0,0,0,0,0,859000,3,3,115,0
0,0,0,0,0,0,0,0,0,0,0,0,1,0,0,0,0,0,0,0,598000,1,3,112,0
0,0,0,0,0,0,0,0,0,0,0,0,1,0,0,0,0,0,0,0,520000,3,2,111,0
0,0,0,0,0,0,0,0,0,0,0,0,1,0,0,0,0,0,0,0,1720000,5,4,221,0
0,0,0,0,0,0,0,0,0,0,0,0,1,0,0,0,0,0,0,0,2290000,4,3,184,0
0,0,0,0,0,0,0,0,0,0,0,0,1,0,0,0,0,0,0,0,890000,3,3,118,0
0,0,0,0,0,0,0,0,0,0,0,0,1,0,0,0,0,0,0,0,1385000,2,2,166,0
0,0,0,0,0,0,0,0,0,0,0,0,1,0,0,0,0,0,0,0,1760000,2,3,145,0
0,0,0,0,0,0,0,0,0,0,0,0,1,0,0,0,0,0,0,0,859000,2,3,133,0
0,0,0,0,0,0,0,0,0,0,0,0,1,0,0,0,0,0,0,0,900000,2,4,173,0
0,0,0,0,0,0,0,0,0,0,0,0,1,0,0,0,0,0,0,0,1100000,2,2,160,0
0,0,0,0,0,0,0,0,0,0,0,0,1,0,0,0,0,0,0,0,859000,3,3,133,0
0,0,0,0,0,0,0,0,0,0,0,0,1,0,0,0,0,0,0,0,1690000,2,3,133,0
0,0,0,0,0,0,0,0,0,0,0,0,1,0,0,0,0,0,0,0,495000,1,1,98,0
0,0,0,0,0,0,0,0,0,0,0,0,1,0,0,0,0,0,0,0,2600000,4,3,382,0
0,0,0,0,0,0,0,0,0,0,0,0,1,0,0,0,0,0,0,0,640000,2,2,100,0
0,0,0,0,0,0,0,0,0,0,0,0,1,0,0,0,0,0,0,0,580000,1,4,139,0
0,0,0,0,0,0,0,0,0,0,0,0,1,0,0,0,0,0,0,0,829000,3,3,102,0
0,0,0,0,0,0,0,0,0,0,0,0,1,0,0,0,0,0,0,0,1145000,2,4,224,0
0,0,0,0,0,0,0,0,0,0,0,0,1,0,0,0,0,0,0,0,1175000,3,3,165,0
0,0,0,0,0,0,0,0,0,0,0,0,1,0,0,0,0,0,0,0,859000,2,2,88,0
0,0,0,0,0,0,0,0,0,0,0,0,1,0,0,0,0,0,0,0,500000,2,2,99,0
0,0,0,0,0,0,0,1,0,0,0,0,0,0,0,0,0,0,0,0,1650000,3,3,248,0
0,0,0,0,0,0,0,1,0,0,0,0,0,0,0,0,0,0,0,0,950000,3,3,154,0
0,0,0,0,0,0,0,1,0,0,0,0,0,0,0,0,0,0,0,0,1500000,2,2,168,0
0,0,0,0,0,0,0,1,0,0,0,0,0,0,0,0,0,0,0,0,2100000,7,6,334,1
0,0,0,0,0,0,0,1,0,0,0,0,0,0,0,0,0,0,0,0,575000,2,3,105,0
0,0,0,0,0,0,0,1,0,0,0,0,0,0,0,0,0,0,0,0,3200000,5,7,410,1
0,0,0,0,0,0,0,1,0,0,0,0,0,0,0,0,0,0,0,0,2300000,5,5,265,0
0,0,0,0,0,0,0,1,0,0,0,0,0,0,0,0,0,0,0,0,1420000,2,4,185,1
0,0,0,0,0,0,0,1,0,0,0,0,0,0,0,0,0,0,0,0,1800000,6,5,440,0
0,0,0,0,0,0,0,1,0,0,0,0,0,0,0,0,0,0,0,0,1850000,3,4,297,0
0,0,0,0,0,0,0,1,0,0,0,0,0,0,0,0,0,0,0,0,1850000,3,4,297,0
0,0,0,0,0,0,0,1,0,0,0,0,0,0,0,0,0,0,0,0,1290000,3,5,166,0
0,0,0,0,0,0,0,1,0,0,0,0,0,0,0,0,0,0,0,0,1375000,3,4,247,0
0,0,0,0,0,0,0,1,0,0,0,0,0,0,0,0,0,0,0,0,1690000,4,5,252,0
0,0,0,0,0,0,0,1,0,0,0,0,0,0,0,0,0,0,0,0,2100000,3,5,392,0
0,0,0,0,0,0,0,1,0,0,0,0,0,0,0,0,0,0,0,0,2200000,3,4,235,0
0,0,0,0,0,0,0,1,0,0,0,0,0,0,0,0,0,0,0,0,1400000,3,4,173,0
0,0,0,0,0,0,0,1,0,0,0,0,0,0,0,0,0,0,0,0,1490000,4,5,240,0
0,0,0,0,0,0,0,1,0,0,0,0,0,0,0,0,0,0,0,0,2750000,5,6,300,1
0,0,0,0,0,0,0,1,0,0,0,0,0,0,0,0,0,0,0,0,370000,1,3,56,0
0,0,0,0,0,0,0,1,0,0,0,0,0,0,0,0,0,0,0,0,475000,2,4,100,0
0,0,0,0,0,0,0,1,0,0,0,0,0,0,0,0,0,0,0,0,1445000,3,3,263,0
0,0,0,0,0,0,0,1,0,0,0,0,0,0,0,0,0,0,0,0,350000,1,1,79,0
0,0,0,0,0,0,0,1,0,0,0,0,0,0,0,0,0,0,0,0,1650000,2,2,181,0
0,0,0,0,0,0,0,1,0,0,0,0,0,0,0,0,0,0,0,0,3700000,5,6,430,1
0,0,0,0,0,0,0,1,0,0,0,0,0,0,0,0,0,0,0,0,2300000,5,5,256,0
0,0,0,0,0,0,0,1,0,0,0,0,0,0,0,0,0,0,0,0,1330000,3,5,234,0
0,0,0,0,0,0,0,1,0,0,0,0,0,0,0,0,0,0,0,0,3200000,4,7,573,1
0,0,0,0,0,0,0,1,0,0,0,0,0,0,0,0,0,0,0,0,2490000,4,4,593,0
0,0,0,0,0,0,0,1,0,0,0,0,0,0,0,0,0,0,0,0,2500000,4,7,212,1
0,0,0,0,0,0,0,1,0,0,0,0,0,0,0,0,0,0,0,0,1820000,3,5,380,0
0,0,0,0,0,0,0,1,0,0,0,0,0,0,0,0,0,0,0,0,420000,1,1,57,0
0,0,0,0,0,0,0,1,0,0,0,0,0,0,0,0,0,0,0,0,1445000,3,3,263,0
0,0,0,0,0,0,0,1,0,0,0,0,0,0,0,0,0,0,0,0,3200000,7,7,573,1
0,0,0,0,0,0,0,1,0,0,0,0,0,0,0,0,0,0,0,0,1200000,3,4,168,0
0,0,0,0,0,0,0,1,0,0,0,0,0,0,0,0,0,0,0,0,3000000,4,4,269,1
0,0,0,0,0,0,0,1,0,0,0,0,0,0,0,0,0,0,0,0,3600000,6,5,376,1
0,0,0,0,0,0,0,1,0,0,0,0,0,0,0,0,0,0,0,0,1700000,3,3,124,1
0,0,0,0,0,0,0,1,0,0,0,0,0,0,0,0,0,0,0,0,1750000,3,4,200,0
0,0,0,0,0,0,0,1,0,0,0,0,0,0,0,0,0,0,0,0,3500000,6,5,325,1
0,0,0,0,0,0,0,1,0,0,0,0,0,0,0,0,0,0,0,0,4750000,6,5,440,1
0,0,0,0,0,0,0,1,0,0,0,0,0,0,0,0,0,0,0,0,1420000,3,5,185,1
0,0,0,0,0,0,0,1,0,0,0,0,0,0,0,0,0,0,0,0,1400000,3,4,174,0
0,0,0,0,0,0,0,1,0,0,0,0,0,0,0,0,0,0,0,0,1670000,5,4,165,0
0,0,0,0,0,0,0,1,0,0,0,0,0,0,0,0,0,0,0,0,1650000,2,4,211,0
0,0,0,0,0,0,0,1,0,0,0,0,0,0,0,0,0,0,0,0,1495000,3,4,264,0
0,0,0,0,0,0,0,1,0,0,0,0,0,0,0,0,0,0,0,0,730000,2,2,125,0
0,0,0,0,0,0,0,1,0,0,0,0,0,0,0,0,0,0,0,0,1430000,3,3,164,0
0,0,0,0,0,0,0,1,0,0,0,0,0,0,0,0,0,0,0,0,630000,3,3,132,0
0,0,0,0,0,0,0,1,0,0,0,0,0,0,0,0,0,0,0,0,790000,3,3,137,0
0,0,0,0,0,0,0,1,0,0,0,0,0,0,0,0,0,0,0,0,830000,3,4,155,0
0,0,0,0,0,0,0,1,0,0,0,0,0,0,0,0,0,0,0,0,1495000,3,3,188,0
0,0,0,0,0,0,0,1,0,0,0,0,0,0,0,0,0,0,0,0,560000,1,1,88,0
0,0,0,0,0,0,0,1,0,0,0,0,0,0,0,0,0,0,0,0,3300000,4,6,399,0
0,1,0,0,0,0,0,0,0,0,0,0,0,0,0,0,0,0,0,0,1075000,3,3,169,0
0,1,0,0,0,0,0,0,0,0,0,0,0,0,0,0,0,0,0,0,850000,1,4,139,0
0,1,0,0,0,0,0,0,0,0,0,0,0,0,0,0,0,0,0,0,1900000,4,3,193,0
0,1,0,0,0,0,0,0,0,0,0,0,0,0,0,0,0,0,0,0,1710000,4,3,206,0
0,1,0,0,0,0,0,0,0,0,0,0,0,0,0,0,0,0,0,0,1300000,3,4,257,0
0,1,0,0,0,0,0,0,0,0,0,0,0,0,0,0,0,0,0,0,795000,2,3,138,0
0,1,0,0,0,0,0,0,0,0,0,0,0,0,0,0,0,0,0,0,799000,3,6,143,0
0,1,0,0,0,0,0,0,0,0,0,0,0,0,0,0,0,0,0,0,950000,2,4,157,0
0,1,0,0,0,0,0,0,0,0,0,0,0,0,0,0,0,0,0,0,945000,2,3,159,0
0,1,0,0,0,0,0,0,0,0,0,0,0,0,0,0,0,0,0,0,850000,2,3,128,0
0,1,0,0,0,0,0,0,0,0,0,0,0,0,0,0,0,0,0,0,1530000,2,2,133,0
0,1,0,0,0,0,0,0,0,0,0,0,0,0,0,0,0,0,0,0,945000,2,3,159,0
0,1,0,0,0,0,0,0,0,0,0,0,0,0,0,0,0,0,0,0,390000,1,0,64,0
0,1,0,0,0,0,0,0,0,0,0,0,0,0,0,0,0,0,0,0,850000,2,2,115,0
0,1,0,0,0,0,0,0,0,0,0,0,0,0,0,0,0,0,0,0,380000,2,2,50,0
0,1,0,0,0,0,0,0,0,0,0,0,0,0,0,0,0,0,0,0,649000,1,2,73,0
0,1,0,0,0,0,0,0,0,0,0,0,0,0,0,0,0,0,0,0,865000,2,2,104,0
0,1,0,0,0,0,0,0,0,0,0,0,0,0,0,0,0,0,0,0,700000,1,3,103,0
0,1,0,0,0,0,0,0,0,0,0,0,0,0,0,0,0,0,0,0,1440000,3,5,277,0
0,1,0,0,0,0,0,0,0,0,0,0,0,0,0,0,0,0,0,0,3700000,4,5,407,0
0,1,0,0,0,0,0,0,0,0,0,0,0,0,0,0,0,0,0,0,865000,2,2,127,0
0,1,0,0,0,0,0,0,0,0,0,0,0,0,0,0,0,0,0,0,1400000,3,2,138,0
0,1,0,0,0,0,0,0,0,0,0,0,0,0,0,0,0,0,0,0,3100000,4,4,395,0
0,1,0,0,0,0,0,0,0,0,0,0,0,0,0,0,0,0,0,0,2500000,4,5,314,0
0,1,0,0,0,0,0,0,0,0,0,0,0,0,0,0,0,0,0,0,990000,1,2,104,0
0,1,0,0,0,0,0,0,0,0,0,0,0,0,0,0,0,0,0,0,2250000,3,4,256,0
0,1,0,0,0,0,0,0,0,0,0,0,0,0,0,0,0,0,0,0,720000,2,4,143,0
0,1,0,0,0,0,0,0,0,0,0,0,0,0,0,0,0,0,0,0,4500000,4,7,524,0
0,1,0,0,0,0,0,0,0,0,0,0,0,0,0,0,0,0,0,0,4200000,3,5,457,0
0,1,0,0,0,0,0,0,0,0,0,0,0,0,0,0,0,0,0,0,2600000,4,4,214,0
0,1,0,0,0,0,0,0,0,0,0,0,0,0,0,0,0,0,0,0,1490000,3,3,142,0
0,1,0,0,0,0,0,0,0,0,0,0,0,0,0,0,0,0,0,0,2945000,3,3,281,0
0,1,0,0,0,0,0,0,0,0,0,0,0,0,0,0,0,0,0,0,2395000,5,4,264,0
0,1,0,0,0,0,0,0,0,0,0,0,0,0,0,0,0,0,0,0,2500000,6,6,307,0
0,0,0,0,0,0,0,0,0,0,0,0,0,0,0,0,0,0,0,0,310000,1,3,73,0
0,0,0,0,0,0,0,0,0,0,0,0,0,0,0,0,0,0,0,0,350000,1,2,76,0
0,0,0,0,0,0,0,0,0,0,0,0,1,0,0,0,0,0,0,0,2450000,3,4,261,0
0,0,0,0,0,0,0,0,0,0,0,0,1,0,0,0,0,0,0,0,330000,1,2,60,0
0,0,0,0,0,0,0,0,0,0,0,0,1,0,0,0,0,0,0,0,780000,2,2,57,0
0,0,0,0,0,0,0,0,0,0,0,0,1,0,0,0,0,0,0,0,789000,3,3,107,0
0,0,0,0,0,0,0,0,0,0,0,0,1,0,0,0,0,0,0,0,199000,1,1,14,0
0,0,0,0,0,0,0,0,0,0,0,0,1,0,0,0,0,0,0,0,789000,3,3,100,0
0,0,0,0,0,0,0,0,0,0,0,0,1,0,0,0,0,0,0,0,250000,1,1,40,0
0,0,0,0,0,0,0,0,0,0,0,0,1,0,0,0,0,0,0,0,2290000,3,3,184,0
0,0,0,0,0,0,0,0,0,0,0,0,1,0,0,0,0,0,0,0,1760000,3,3,145,0
0,0,0,0,0,0,0,0,0,0,0,0,1,0,0,0,0,0,0,0,299000,1,1,41,0
0,0,0,0,0,0,0,0,0,0,0,0,1,0,0,0,0,0,0,0,404000,1,1,67,0
0,0,0,0,0,0,0,0,0,0,0,0,1,0,0,0,0,0,0,0,2190000,3,3,209,0
0,0,0,0,0,0,0,0,0,0,0,0,1,0,0,0,0,0,0,0,999000,3,3,104,0
0,0,0,0,0,0,0,0,0,0,0,0,1,0,0,0,0,0,0,0,789000,3,3,107,0
0,0,0,0,0,0,0,0,0,0,0,0,1,0,0,0,0,0,0,0,750000,2,2,127,0
0,0,0,0,0,0,0,0,0,0,0,0,1,0,0,0,0,0,0,0,849000,3,3,111,0
0,0,0,0,0,0,0,0,0,0,0,0,1,0,0,0,0,0,0,0,1499000,4,3,196,0
0,0,0,0,0,0,0,0,0,0,0,0,1,0,0,0,0,0,0,0,695000,2,3,135,0
0,0,0,0,0,0,0,0,0,0,0,0,1,0,0,0,0,0,0,0,1250000,2,2,150,0
0,0,0,0,0,0,0,1,0,0,0,0,0,0,0,0,0,0,0,0,1990000,5,4,242,1
0,0,0,0,0,0,0,1,0,0,0,0,0,0,0,0,0,0,0,0,2580000,4,3,300,1
0,0,0,0,0,0,0,1,0,0,0,0,0,0,0,0,0,0,0,0,345000,1,2,50,0
0,0,0,0,0,0,0,0,0,0,0,0,0,1,0,0,0,0,0,0,1080000,2,4,200,0
0,0,0,0,0,0,0,0,0,0,0,0,0,1,0,0,0,0,0,0,233000,1,1,40,0
0,0,0,0,0,0,0,0,0,0,0,0,0,1,0,0,0,0,0,0,850000,2,3,135,0
0,0,0,0,0,0,0,0,0,0,0,0,0,1,0,0,0,0,0,0,350000,2,4,116,0
0,0,0,0,0,0,0,0,0,0,0,0,0,1,0,0,0,0,0,0,799000,4,5,180,1
0,0,0,0,0,0,0,0,0,0,0,0,0,1,0,0,0,0,0,0,920000,4,5,217,0
0,0,0,0,0,0,0,0,0,0,0,0,0,1,0,0,0,0,0,0,1150000,2,4,244,0
0,0,0,0,0,0,0,0,0,0,0,0,0,1,0,0,0,0,0,0,990000,4,6,293,0
0,0,0,0,0,0,0,0,0,0,0,0,0,1,0,0,0,0,0,0,500000,1,1,78,0
0,0,0,0,0,0,0,0,0,0,0,0,0,1,0,0,0,0,0,0,950000,2,3,150,0
0,0,0,0,0,0,0,0,0,0,0,0,0,1,0,0,0,0,0,0,1400000,4,7,413,0
0,0,0,0,0,0,0,0,0,0,0,0,0,1,0,0,0,0,0,0,1290000,4,5,390,0
0,0,0,0,0,0,0,0,0,0,0,0,0,1,0,0,0,0,0,0,920000,4,5,217,0
0,0,0,0,0,0,0,0,0,0,0,0,0,1,0,0,0,0,0,0,850000,2,3,164,0
0,0,0,0,0,0,0,0,0,0,0,0,0,1,0,0,0,0,0,0,1050000,3,4,191,0
0,0,0,0,0,0,0,0,0,0,0,0,0,1,0,0,0,0,0,0,970000,4,4,287,1
0,0,0,0,0,0,0,0,0,0,0,0,0,1,0,0,0,0,0,0,1348000,4,6,427,0
0,0,0,0,0,0,0,0,0,0,0,0,0,1,0,0,0,0,0,0,730000,3,4,158,0
0,0,0,0,0,0,0,0,0,0,0,0,0,1,0,0,0,0,0,0,1450000,4,5,320,0
0,0,0,0,0,0,0,0,0,0,0,0,0,1,0,0,0,0,0,0,850000,3,5,184,0
0,0,0,0,0,0,0,0,0,0,0,0,0,1,0,0,0,0,0,0,1200000,4,5,375,0
0,0,0,0,0,0,0,0,0,0,0,0,0,1,0,0,0,0,0,0,990000,4,6,293,0
0,0,0,1,0,0,0,0,0,0,0,0,0,0,0,0,0,0,0,0,3550000,9,8,720,1
0,0,0,1,0,0,0,0,0,0,0,0,0,0,0,0,0,0,0,0,870000,2,3,177,1
0,0,0,1,0,0,0,0,0,0,0,0,0,0,0,0,0,0,0,0,1095000,3,4,270,0
0,0,0,1,0,0,0,0,0,0,0,0,0,0,0,0,0,0,0,0,1450000,4,5,258,0
0,0,0,1,0,0,0,0,0,0,0,0,0,0,0,0,0,0,0,0,2100000,5,8,694,1
0,0,0,1,0,0,0,0,0,0,0,0,0,0,0,0,0,0,0,0,369000,1,1,61,0
0,0,0,1,0,0,0,0,0,0,0,0,0,0,0,0,0,0,0,0,1700000,6,6,540,1
0,0,0,1,0,0,0,0,0,0,0,0,0,0,0,0,0,0,0,0,2990000,7,5,728,1
0,0,0,0,0,0,0,0,0,0,0,0,0,1,0,0,0,0,0,0,850000,2,3,131,0
0,0,0,0,0,0,0,0,0,0,0,0,0,1,0,0,0,0,0,0,329900,2,2,80,0
0,0,0,0,0,0,0,0,0,0,0,0,0,1,0,0,0,0,0,0,610000,2,2,120,0
0,0,0,0,0,0,0,0,0,0,0,0,0,1,0,0,0,0,0,0,1450000,4,5,320,0
0,0,0,0,0,0,0,0,0,0,0,0,0,1,0,0,0,0,0,0,329900,2,2,80,0
0,0,0,0,0,0,0,0,1,0,0,0,0,0,0,0,0,0,0,0,475000,2,3,112,0
0,0,0,0,0,0,0,0,0,0,0,0,0,1,0,0,0,0,0,0,365900,2,3,105,0
0,0,0,0,0,0,0,0,0,0,0,1,0,0,0,0,0,0,0,0,1650000,5,5,367,1
0,0,0,0,0,0,0,0,0,0,0,1,0,0,0,0,0,0,0,0,2800000,5,5,452,1
0,0,0,0,0,0,0,0,0,0,0,1,0,0,0,0,0,0,0,0,1800000,5,6,276,1
0,0,0,0,0,0,0,0,0,0,0,1,0,0,0,0,0,0,0,0,525000,2,2,107,0
0,0,0,0,0,0,0,0,0,0,0,1,0,0,0,0,0,0,0,0,2690000,8,5,450,1
0,0,0,0,0,0,0,0,0,0,0,1,0,0,0,0,0,0,0,0,3465000,10,12,1380,1
0,0,0,0,0,0,0,0,0,0,0,1,0,0,0,0,0,0,0,0,3100000,5,4,750,1
0,0,0,0,0,0,0,0,0,0,0,1,0,0,0,0,0,0,0,0,1690000,6,6,530,1
0,0,0,0,0,0,0,0,0,0,0,1,0,0,0,0,0,0,0,0,2150000,6,6,575,1
0,0,0,0,0,0,0,0,0,0,0,1,0,0,0,0,0,0,0,0,1650000,5,5,360,1
0,0,0,0,0,0,0,0,0,0,0,0,0,1,0,0,0,0,0,0,460000,1,4,126,0
0,0,0,0,0,0,0,0,0,0,0,0,0,1,0,0,0,0,0,0,595000,2,4,123,0
0,0,0,0,0,0,0,0,0,0,0,0,0,1,0,0,0,0,0,0,1400000,4,7,413,0
0,0,0,0,0,0,0,0,0,0,0,0,0,1,0,0,0,0,0,0,299000,1,2,76,0
0,0,0,0,0,0,1,0,0,0,0,0,0,0,0,0,0,0,0,0,1590000,4,5,360,0
0,0,0,0,0,0,1,0,0,0,0,0,0,0,0,0,0,0,0,0,599000,2,2,107,0
0,0,0,0,0,0,1,0,0,0,0,0,0,0,0,0,0,0,0,0,475000,1,2,75,0
0,0,0,0,0,0,1,0,0,0,0,0,0,0,0,0,0,0,0,0,320000,1,2,66,0
0,0,0,0,0,0,1,0,0,0,0,0,0,0,0,0,0,0,0,0,1300000,3,3,165,0
0,0,0,0,0,0,1,0,0,0,0,0,0,0,0,0,0,0,0,0,345000,1,2,42,0
0,0,0,0,0,0,1,0,0,0,0,0,0,0,0,0,0,0,0,0,379000,1,1,61,0
0,0,0,0,0,0,1,0,0,0,0,0,0,0,0,0,0,0,0,0,860000,3,4,191,0
0,0,0,0,0,0,1,0,0,0,0,0,0,0,0,0,0,0,0,0,369000,2,2,75,0
0,0,0,0,0,0,1,0,0,0,0,0,0,0,0,0,0,0,0,0,950000,3,3,120,0
0,0,0,0,0,0,1,0,0,0,0,0,0,0,0,0,0,0,0,0,1349000,3,3,137,0
0,0,0,0,0,0,1,0,0,0,0,0,0,0,0,0,0,0,0,0,1499000,3,3,187,0
0,0,0,0,0,0,1,0,0,0,0,0,0,0,0,0,0,0,0,0,2200000,4,4,279,0
0,0,0,0,0,0,1,0,0,0,0,0,0,0,0,0,0,0,0,0,1850000,4,5,256,0
0,0,0,0,0,0,1,0,0,0,0,0,0,0,0,0,0,0,0,0,950000,3,3,127,0
0,0,0,0,0,0,1,0,0,0,0,0,0,0,0,0,0,0,0,0,1475000,4,5,376,0
0,0,0,0,0,0,0,0,0,0,0,0,0,0,0,0,0,0,0,0,569000,2,3,104,0
0,0,0,0,0,0,0,0,0,0,0,0,0,0,1,0,0,0,0,0,648000,2,4,216,0
0,0,0,1,0,0,0,0,0,0,0,0,0,0,0,0,0,0,0,0,1700000,7,6,595,1
0,0,0,0,0,0,0,1,0,0,0,0,0,0,0,0,0,0,0,0,675000,2,1,91,0
0,0,0,0,0,0,0,1,0,0,0,0,0,0,0,0,0,0,0,0,2275000,4,5,399,0
0,0,0,0,0,0,0,1,0,0,0,0,0,0,0,0,0,0,0,0,2300000,3,3,237,0
0,0,0,0,0,0,0,1,0,0,0,0,0,0,0,0,0,0,0,0,1129500,2,3,188,0
0,0,0,0,0,0,0,1,0,0,0,0,0,0,0,0,0,0,0,0,3600000,4,5,336,1
0,0,0,0,0,0,0,1,0,0,0,0,0,0,0,0,0,0,0,0,1950000,3,4,283,0
0,0,0,0,0,0,0,1,0,0,0,0,0,0,0,0,0,0,0,0,2500000,5,4,463,0
0,0,0,0,0,0,0,1,0,0,0,0,0,0,0,0,0,0,0,0,1890000,3,4,234,0
0,0,0,0,0,0,0,1,0,0,0,0,0,0,0,0,0,0,0,0,1740000,2,4,172,0
0,0,0,0,0,0,0,1,0,0,0,0,0,0,0,0,0,0,0,0,785000,2,3,120,0
0,0,0,0,0,0,0,0,0,0,0,0,0,0,0,1,0,0,0,0,179000,1,1,71,0
0,0,0,0,0,0,0,0,0,0,0,0,0,0,0,0,1,0,0,0,629900,2,4,133,0
0,0,0,0,0,0,0,0,0,0,0,0,0,0,0,0,1,0,0,0,499900,2,4,126,0
0,0,0,0,0,0,0,0,0,0,0,0,0,0,0,0,1,0,0,0,565000,2,3,108,0
0,0,0,0,0,0,0,0,0,0,0,0,0,0,0,0,0,1,0,0,470000,2,3,95,0
0,0,0,0,0,0,0,0,0,0,0,0,0,0,0,0,0,1,0,0,1395000,6,5,368,1
0,0,0,0,0,0,0,0,0,0,0,0,0,0,0,0,0,1,0,0,1435000,6,6,388,1
0,0,0,0,0,0,0,0,0,0,0,0,0,0,0,0,0,1,0,0,2200000,4,4,450,0
0,0,0,0,0,0,0,0,0,0,0,0,0,0,0,0,0,1,0,0,820000,4,5,287,0
0,0,0,0,0,0,0,0,0,0,0,0,0,0,0,0,0,1,0,0,850000,3,4,238,0
0,0,0,0,0,0,0,0,0,0,0,0,0,0,0,0,0,1,0,0,1050000,3,5,265,0
0,0,0,0,0,0,0,0,0,0,0,0,0,0,0,0,0,1,0,0,995000,4,4,240,0
0,0,0,0,0,0,0,0,0,0,0,0,0,0,0,0,0,1,0,0,535000,2,4,150,0
0,0,0,0,0,0,0,0,0,0,0,0,0,0,0,0,0,1,0,0,675000,2,3,152,0
0,0,0,0,0,0,0,0,0,0,0,0,0,0,0,0,0,1,0,0,850000,3,4,238,0
0,0,0,0,0,0,0,0,0,0,0,0,0,0,0,0,0,1,0,0,3000000,7,5,881,1
0,0,0,0,0,0,0,0,0,0,0,0,0,0,0,0,0,1,0,0,2500000,7,8,862,1
0,0,0,0,0,0,0,0,0,0,0,0,0,0,0,0,0,1,0,0,1300000,4,4,247,0
0,0,0,0,0,0,0,0,0,0,0,0,0,0,0,0,0,1,0,0,3500000,2,4,738,1
0,0,0,0,0,0,0,0,0,0,0,0,0,0,0,0,0,1,0,0,975000,4,7,484,1
0,0,0,0,0,0,0,0,0,0,0,0,0,0,0,0,0,1,0,0,1050000,3,5,265,0
0,0,0,0,0,0,0,0,0,0,0,0,0,0,0,0,0,1,0,0,460000,2,2,104,0
0,0,0,0,0,0,0,0,0,0,0,0,0,0,0,0,0,1,0,0,1950000,7,6,650,1
0,0,0,0,0,0,0,0,0,0,0,0,0,0,0,0,0,1,0,0,2075000,4,4,284,0
0,0,0,0,0,0,0,0,0,0,0,0,0,0,0,0,0,1,0,0,1700000,4,4,387,0
0,0,0,0,0,0,0,0,0,0,0,0,0,0,0,0,0,1,0,0,2095000,6,5,388,1
0,0,0,0,0,0,0,0,0,0,0,0,0,0,0,0,0,1,0,0,1240000,5,9,601,1
0,0,0,0,0,0,0,0,0,0,0,0,0,0,0,0,0,1,0,0,1250000,5,4,275,0
0,0,0,0,0,0,0,0,0,0,0,0,0,0,0,0,0,1,0,0,485000,2,3,161,0
0,0,0,0,0,0,0,0,0,0,0,0,0,0,0,0,0,1,0,0,3000000,8,5,881,1
0,0,0,0,0,0,0,0,0,0,0,0,0,0,0,0,0,1,0,0,650000,2,3,150,0
0,0,0,0,0,0,0,0,0,0,0,0,0,0,0,0,0,1,0,0,430000,2,3,91,0
0,0,0,0,0,0,0,0,0,0,0,0,0,0,0,0,0,1,0,0,675000,3,6,195,1
0,0,0,0,0,0,0,0,0,0,0,0,0,0,0,0,0,1,0,0,975000,4,7,484,1
0,0,0,0,0,0,0,0,0,0,0,0,0,0,0,0,0,1,0,0,995000,4,4,240,0
0,0,0,0,0,0,0,0,0,0,0,0,0,0,0,0,0,1,0,0,415000,1,1,94,0
0,0,0,0,0,0,0,0,0,0,0,0,0,0,0,0,0,1,0,0,995000,4,4,240,0
0,0,0,0,0,0,0,0,0,0,0,0,0,0,0,0,0,1,0,0,1350000,4,4,264,0
0,0,0,0,0,0,0,0,0,0,0,0,0,0,0,0,0,1,0,0,650000,2,3,153,0
0,0,0,0,0,1,0,0,0,0,0,0,0,0,0,0,0,0,0,0,795000,3,4,175,0
0,0,0,0,0,1,0,0,0,0,0,0,0,0,0,0,0,0,0,0,590000,2,3,143,0
0,0,0,0,0,1,0,0,0,0,0,0,0,0,0,0,0,0,0,0,399000,1,2,75,0
0,0,0,0,0,1,0,0,0,0,0,0,0,0,0,0,0,0,0,0,610000,2,2,113,0
0,0,0,0,0,1,0,0,0,0,0,0,0,0,0,0,0,0,0,0,515000,2,3,79,0
0,0,0,0,0,1,0,0,0,0,0,0,0,0,0,0,0,0,0,0,795000,2,3,128,0
0,0,0,0,0,0,0,0,0,0,0,0,0,0,0,0,0,1,0,0,875000,4,3,215,0
0,0,0,0,0,0,0,0,0,0,0,0,0,0,0,0,0,1,0,0,1300000,3,5,305,0
0,1,0,0,0,0,0,0,0,0,0,0,0,0,0,0,0,0,0,0,425000,1,2,69,0
0,1,0,0,0,0,0,0,0,0,0,0,0,0,0,0,0,0,0,0,1300000,3,4,235,0
0,1,0,0,0,0,0,0,0,0,0,0,0,0,0,0,0,0,0,0,940500,2,3,168,0
0,1,0,0,0,0,0,0,0,0,0,0,0,0,0,0,0,0,0,0,1100000,2,2,112,0
0,1,0,0,0,0,0,0,0,0,0,0,0,0,0,0,0,0,0,0,1025000,3,4,224,0
0,1,0,0,0,0,0,0,0,0,0,0,0,0,0,0,0,0,0,0,690000,2,3,138,0
0,1,0,0,0,0,0,0,0,0,0,0,0,0,0,0,0,0,0,0,445000,3,3,111,0
0,1,0,0,0,0,0,0,0,0,0,0,0,0,0,0,0,0,0,0,1200000,2,3,178,0
0,1,0,0,0,0,0,0,0,0,0,0,0,0,0,0,0,0,0,0,1060000,4,5,276,0
0,1,0,0,0,0,0,0,0,0,0,0,0,0,0,0,0,0,0,0,1300000,2,4,236,0
0,0,0,0,0,1,0,0,0,0,0,0,0,0,0,0,0,0,0,0,2190000,4,4,183,0
0,0,0,0,0,1,0,0,0,0,0,0,0,0,0,0,0,0,0,0,1190000,2,2,112,0
0,0,0,0,0,1,0,0,0,0,0,0,0,0,0,0,0,0,0,0,1490000,3,2,133,0
0,0,0,0,0,1,0,0,0,0,0,0,0,0,0,0,0,0,0,0,649000,2,2,73,0
0,0,0,0,0,1,0,0,0,0,0,0,0,0,0,0,0,0,0,0,315000,1,1,65,0
0,0,0,0,0,1,0,0,0,0,0,0,0,0,0,0,0,0,0,0,3600000,5,5,379,0
0,0,0,0,0,1,0,0,0,0,0,0,0,0,0,0,0,0,0,0,1190000,3,2,110,0
0,0,0,0,0,1,0,0,0,0,0,0,0,0,0,0,0,0,0,0,685000,3,2,166,0
0,0,0,0,0,1,0,0,0,0,0,0,0,0,0,0,0,0,0,0,949000,2,2,111,0
0,0,0,0,0,1,0,0,0,0,0,0,0,0,0,0,0,0,0,0,1410000,2,3,118,0
0,0,0,0,0,1,0,0,0,0,0,0,0,0,0,0,0,0,0,0,1400000,2,3,150,0
0,0,0,0,0,1,0,0,0,0,0,0,0,0,0,0,0,0,0,0,1685000,4,4,222,0
0,0,0,0,0,1,0,0,0,0,0,0,0,0,0,0,0,0,0,0,1190000,3,2,86,0
0,0,0,0,0,1,0,0,0,0,0,0,0,0,0,0,0,0,0,0,1299000,2,5,210,0
0,0,0,0,0,1,0,0,0,0,0,0,0,0,0,0,0,0,0,0,3195000,4,6,460,0
0,0,0,0,0,1,0,0,0,0,0,0,0,0,0,0,0,0,0,0,895000,2,2,102,0
0,0,0,0,0,1,0,0,0,0,0,0,0,0,0,0,0,0,0,0,1339000,4,3,158,0
0,0,0,0,0,1,0,0,0,0,0,0,0,0,0,0,0,0,0,0,719000,2,2,71,0
0,0,0,0,0,1,0,0,0,0,0,0,0,0,0,0,0,0,0,0,850000,2,2,101,0
0,0,0,0,0,1,0,0,0,0,0,0,0,0,0,0,0,0,0,0,1195000,2,2,90,0
0,0,0,0,0,1,0,0,0,0,0,0,0,0,0,0,0,0,0,0,650000,2,3,120,0
0,0,0,0,0,1,0,0,0,0,0,0,0,0,0,0,0,0,0,0,840000,2,2,81,0
0,0,0,0,0,1,0,0,0,0,0,0,0,0,0,0,0,0,0,0,800000,3,5,213,0
0,0,0,0,0,1,0,0,0,0,0,0,0,0,0,0,0,0,0,0,410000,2,2,68,0
0,0,0,0,0,1,0,0,0,0,0,0,0,0,0,0,0,0,0,0,250000,1,1,45,0
0,0,0,0,0,1,0,0,0,0,0,0,0,0,0,0,0,0,0,0,410000,1,0,146,0
0,0,0,0,0,1,0,0,0,0,0,0,0,0,0,0,0,0,0,0,510000,1,3,83,0
0,0,0,0,0,1,0,0,0,0,0,0,0,0,0,0,0,0,0,0,450000,1,3,78,0
0,0,0,0,0,1,0,0,0,0,0,0,0,0,0,0,0,0,0,0,560000,2,2,84,0
0,0,0,0,0,1,0,0,0,0,0,0,0,0,0,0,0,0,0,0,900000,2,5,155,0
0,0,0,0,0,1,0,0,0,0,0,0,0,0,0,0,0,0,0,0,299000,1,2,59,0
0,0,0,0,0,1,0,0,0,0,0,0,0,0,0,0,0,0,0,0,620000,2,3,138,0
0,0,0,0,0,1,0,0,0,0,0,0,0,0,0,0,0,0,0,0,609000,2,2,89,0
0,0,0,0,0,0,0,0,0,0,0,1,0,0,0,0,0,0,0,0,1300000,3,4,270,0
0,0,0,0,0,0,0,0,0,0,0,1,0,0,0,0,0,0,0,0,1850000,5,5,438,1
0,0,0,0,0,0,0,0,0,0,0,1,0,0,0,0,0,0,0,0,5500000,6,7,1150,1
0,0,0,0,0,0,0,0,0,0,0,1,0,0,0,0,0,0,0,0,1900000,4,6,372,1
0,0,0,0,0,0,0,0,0,0,0,1,0,0,0,0,0,0,0,0,1650000,5,5,300,1
0,0,0,0,0,0,0,0,0,0,0,1,0,0,0,0,0,0,0,0,1538000,6,8,605,1
0,0,0,0,0,0,0,0,0,0,0,1,0,0,0,0,0,0,0,0,1095000,3,3,188,0
0,0,0,0,0,0,0,0,0,0,0,1,0,0,0,0,0,0,0,0,1650000,5,4,360,1
0,0,0,0,0,0,0,0,0,0,0,1,0,0,0,0,0,0,0,0,3500000,6,5,890,1
0,0,0,0,0,0,0,0,0,0,0,1,0,0,0,0,0,0,0,0,1300000,3,3,179,0
0,0,0,0,0,0,0,0,0,0,0,1,0,0,0,0,0,0,0,0,2190000,5,5,352,1
0,0,0,0,0,0,0,0,0,0,0,1,0,0,0,0,0,0,0,0,1500000,4,5,400,1
0,0,0,0,0,0,0,0,0,0,0,1,0,0,0,0,0,0,0,0,2150000,5,4,400,1
0,0,0,0,0,0,0,0,0,0,0,1,0,0,0,0,0,0,0,0,1850000,5,5,302,0
0,0,0,0,0,0,0,0,0,0,0,1,0,0,0,0,0,0,0,0,1495000,6,5,481,1
0,0,0,0,0,0,0,0,0,0,0,1,0,0,0,0,0,0,0,0,680000,2,3,137,0
0,0,0,0,0,0,0,0,0,0,0,1,0,0,0,0,0,0,0,0,1300000,3,3,179,0
0,0,0,0,0,0,0,0,0,0,0,1,0,0,0,0,0,0,0,0,475000,1,1,72,0
0,0,0,0,0,0,0,0,0,0,0,1,0,0,0,0,0,0,0,0,2500000,6,5,800,1
0,0,0,0,0,0,0,0,0,0,0,1,0,0,0,0,0,0,0,0,4200000,7,7,875,1
0,0,0,0,0,0,0,0,0,0,0,1,0,0,0,0,0,0,0,0,2690000,7,5,745,1
0,0,0,0,0,0,0,0,0,0,0,1,0,0,0,0,0,0,0,0,3000000,6,5,746,1
0,0,0,0,0,0,0,0,0,0,0,1,0,0,0,0,0,0,0,0,880000,3,4,239,0
0,0,0,0,0,0,0,0,0,0,0,1,0,0,0,0,0,0,0,0,1650000,3,4,290,0
0,0,0,0,0,0,0,0,0,0,0,1,0,0,0,0,0,0,0,0,5500000,8,8,1150,1
0,0,0,0,0,0,0,0,0,0,0,1,0,0,0,0,0,0,0,0,1290000,4,5,346,1
0,0,0,0,0,0,0,0,0,0,0,1,0,0,0,0,0,0,0,0,1650000,5,5,360,1
0,0,0,0,0,0,0,0,0,0,0,1,0,0,0,0,0,0,0,0,860000,2,2,252,0
0,0,0,0,0,0,0,0,0,0,0,1,0,0,0,0,0,0,0,0,1690000,6,6,533,1
0,0,0,0,0,0,0,0,0,0,0,1,0,0,0,0,0,0,0,0,430000,1,1,82,0
0,0,0,0,0,0,0,0,0,0,0,1,0,0,0,0,0,0,0,0,1850000,5,5,302,0
0,0,0,0,0,0,0,0,0,0,0,1,0,0,0,0,0,0,0,0,875000,2,3,134,0
0,0,0,0,0,0,0,0,0,0,0,1,0,0,0,0,0,0,0,0,900000,2,3,150,0
0,0,0,0,0,0,0,0,0,0,0,1,0,0,0,0,0,0,0,0,1590000,4,4,307,1
0,0,0,0,0,0,0,0,0,0,0,1,0,0,0,0,0,0,0,0,1490000,3,4,216,0
0,0,0,0,0,0,0,0,0,0,0,1,0,0,0,0,0,0,0,0,2150000,5,5,407,0
0,0,0,0,0,0,0,0,0,0,0,1,0,0,0,0,0,0,0,0,1690000,6,6,530,1
0,0,0,0,0,0,0,0,0,0,0,1,0,0,0,0,0,0,0,0,2060000,5,5,334,1
0,0,0,0,0,0,0,0,0,0,0,1,0,0,0,0,0,0,0,0,719000,2,3,120,0
0,0,0,0,0,0,0,0,0,0,0,1,0,0,0,0,0,0,0,0,470000,2,3,121,0
0,0,0,0,0,0,0,0,0,0,0,1,0,0,0,0,0,0,0,0,1850000,5,7,302,0
0,0,0,0,0,0,0,0,0,0,0,1,0,0,0,0,0,0,0,0,1300000,5,6,230,1
0,0,0,0,0,0,0,0,0,0,0,1,0,0,0,0,0,0,0,0,2800000,6,5,452,1
0,0,0,0,0,0,0,0,0,0,0,1,0,0,0,0,0,0,0,0,980000,2,4,130,0
0,0,0,0,0,0,0,0,0,0,0,1,0,0,0,0,0,0,0,0,1725000,5,4,540,1
0,0,0,0,0,0,0,0,0,0,0,1,0,0,0,0,0,0,0,0,3500000,6,6,489,1
0,0,0,0,0,0,0,0,0,0,0,1,0,0,0,0,0,0,0,0,399000,1,1,70,0
0,0,0,0,0,0,0,0,0,0,0,1,0,0,0,0,0,0,0,0,825000,3,2,144,0
0,0,0,0,0,0,0,0,0,0,0,1,0,0,0,0,0,0,0,0,2000000,5,6,305,1
0,0,0,0,0,0,0,0,0,0,0,1,0,0,0,0,0,0,0,0,1100000,4,4,263,1
0,0,0,0,0,0,0,0,0,0,0,1,0,0,0,0,0,0,0,0,4000000,6,6,969,1
0,0,0,0,0,0,0,0,0,0,0,1,0,0,0,0,0,0,0,0,1690000,6,6,533,1
0,0,0,0,0,0,0,0,0,0,0,1,0,0,0,0,0,0,0,0,358000,2,3,100,0
0,0,0,0,0,0,0,0,0,0,0,1,0,0,0,0,0,0,0,0,595000,2,4,140,0
0,0,0,0,0,0,0,0,0,0,0,1,0,0,0,0,0,0,0,0,475000,2,4,98,0
0,0,0,0,0,0,0,0,0,0,0,1,0,0,0,0,0,0,0,0,1050000,4,5,337,0
0,0,0,0,0,0,0,0,0,0,0,1,0,0,0,0,0,0,0,0,2060000,5,5,334,1
0,0,0,0,0,0,0,0,0,0,0,1,0,0,0,0,0,0,0,0,1050000,6,6,420,1
0,0,0,0,0,0,0,0,0,0,0,1,0,0,0,0,0,0,0,0,1495000,6,6,482,1
0,0,0,0,0,0,0,0,0,0,0,1,0,0,0,0,0,0,0,0,870000,3,3,314,1
0,0,0,0,0,0,0,0,0,0,0,0,1,0,0,0,0,0,0,0,1175000,3,3,178,0
0,0,0,0,0,0,0,0,0,0,0,0,1,0,0,0,0,0,0,0,1800000,4,3,214,0
0,0,0,0,0,0,0,0,0,0,0,0,1,0,0,0,0,0,0,0,839000,2,2,106,0
0,0,0,0,0,0,0,0,0,0,0,0,1,0,0,0,0,0,0,0,1660000,3,3,228,0
0,0,0,0,0,0,0,0,0,0,0,0,1,0,0,0,0,0,0,0,1715000,2,4,130,0
0,0,0,0,0,0,0,0,0,0,0,0,1,0,0,0,0,0,0,0,650000,2,2,68,0
0,0,0,0,0,0,0,0,0,0,0,0,1,0,0,0,0,0,0,0,790000,2,6,167,0
0,0,0,0,0,0,0,0,0,0,0,0,1,0,0,0,0,0,0,0,425000,1,2,62,0
0,0,0,0,0,0,0,0,0,0,0,0,0,0,0,0,1,0,0,0,530000,1,2,78,0
0,0,0,0,0,0,0,0,0,0,0,0,0,0,0,0,1,0,0,0,1050000,2,3,133,0
0,0,0,0,0,0,0,0,0,0,0,0,0,0,0,0,1,0,0,0,1125000,3,4,173,0
0,0,0,0,0,0,0,0,0,0,0,0,0,0,0,0,1,0,0,0,760000,2,2,101,0
0,0,0,0,0,0,0,0,0,0,0,0,0,0,0,0,1,0,0,0,1140000,2,3,126,0
0,0,0,0,0,0,0,0,0,0,0,0,0,0,0,0,1,0,0,0,1100000,4,5,224,0
0,0,0,0,0,0,0,0,0,0,0,0,0,0,0,0,1,0,0,0,1150000,3,4,174,0
0,0,0,0,0,0,0,0,0,0,0,0,0,0,0,0,1,0,0,0,699000,2,4,126,0
0,0,0,0,0,0,0,0,0,0,0,0,0,0,0,0,1,0,0,0,625000,2,5,117,0
0,0,0,0,0,0,0,0,0,0,0,0,0,0,0,0,0,0,0,0,850000,3,3,151,0
0,0,0,0,0,0,0,0,0,0,0,0,0,0,0,0,0,0,0,0,385000,1,3,97,0
0,0,0,0,0,0,0,0,0,0,0,0,0,0,0,0,0,0,0,0,498000,2,5,139,0
0,0,0,0,0,0,0,0,0,0,0,0,0,0,0,0,0,0,0,0,245000,1,1,70,0
0,0,0,0,0,0,0,0,0,0,0,0,0,0,0,0,0,0,0,0,520000,2,3,102,0
0,0,0,0,0,0,0,0,0,0,0,0,0,0,0,0,1,0,0,0,1129000,3,2,98,0
0,0,0,0,0,0,0,0,0,0,0,0,0,0,0,0,1,0,0,0,550000,1,2,97,0
0,0,0,0,0,0,0,0,0,0,0,0,0,0,0,0,1,0,0,0,2700000,3,3,227,0
0,0,0,0,0,0,0,0,0,0,0,0,0,0,0,0,1,0,0,0,1200000,2,2,124,0
0,0,0,0,0,0,0,0,0,0,0,0,0,0,0,0,0,1,0,0,517000,2,3,109,0
0,0,0,0,0,0,0,0,0,0,0,0,0,0,0,0,0,1,0,0,549000,2,3,127,0
0,0,0,0,0,0,0,0,0,0,0,0,0,0,0,0,0,1,0,0,439000,2,2,103,0
0,0,0,0,0,0,0,0,0,0,1,0,0,0,0,0,0,0,0,0,270000,1,2,53,0
0,0,0,0,0,0,0,0,0,0,0,0,1,0,0,0,0,0,0,0,238000,1,2,51,0
0,0,0,0,0,0,0,0,0,0,0,0,1,0,0,0,0,0,0,0,859000,3,3,133,0
0,0,0,0,0,0,0,0,0,0,0,0,1,0,0,0,0,0,0,0,695000,2,2,262,0
0,0,0,0,0,0,0,0,0,0,0,0,1,0,0,0,0,0,0,0,960000,2,6,204,0
0,0,0,0,0,0,0,0,0,0,0,0,1,0,0,0,0,0,0,0,525000,1,4,131,0
0,0,0,0,0,0,0,0,0,0,0,0,1,0,0,0,0,0,0,0,317000,1,2,60,0
0,0,0,0,0,0,0,0,0,0,0,0,1,0,0,0,0,0,0,0,385000,1,1,56,0
0,0,0,0,0,0,0,0,0,0,0,0,1,0,0,0,0,0,0,0,779000,3,3,176,0
0,0,0,0,0,0,0,0,0,0,0,0,1,0,0,0,0,0,0,0,654000,2,2,159,0
0,0,0,0,0,0,0,0,0,0,0,0,1,0,0,0,0,0,0,0,288000,1,1,52,0
0,0,0,0,0,0,0,0,0,0,0,0,1,0,0,0,0,0,0,0,150000,1,1,24,0
0,0,0,0,0,0,0,0,0,0,0,0,1,0,0,0,0,0,0,0,425000,1,3,80,0
0,0,0,0,0,0,0,0,0,0,0,0,1,0,0,0,0,0,0,0,435000,2,2,102,0
0,0,0,0,0,0,0,0,0,0,0,0,1,0,0,0,0,0,0,0,695000,2,2,262,0
0,0,0,0,0,0,0,0,0,0,0,0,1,0,0,0,0,0,0,0,314000,1,3,76,0
0,0,0,0,0,0,0,0,0,0,0,0,1,0,0,0,0,0,0,0,160000,1,1,25,0
0,0,0,0,0,0,0,0,0,0,0,0,1,0,0,0,0,0,0,0,235000,1,2,64,0
0,0,0,0,0,0,0,0,0,0,0,0,1,0,0,0,0,0,0,0,290000,2,2,62,0
0,0,0,0,0,0,0,0,0,0,0,0,0,0,0,0,0,0,0,0,1250000,4,5,302,1
0,0,0,0,0,1,0,0,0,0,0,0,0,0,0,0,0,0,0,0,780000,1,2,102,0
0,0,0,0,0,1,0,0,0,0,0,0,0,0,0,0,0,0,0,0,1550000,3,3,156,0
0,0,0,0,0,1,0,0,0,0,0,0,0,0,0,0,0,0,0,0,995000,2,2,106,0
0,0,0,0,0,1,0,0,0,0,0,0,0,0,0,0,0,0,0,0,849000,2,2,83,0
0,0,0,0,0,1,0,0,0,0,0,0,0,0,0,0,0,0,0,0,1049000,3,2,115,0
0,0,0,0,0,1,0,0,0,0,0,0,0,0,0,0,0,0,0,0,675000,1,2,139,0
0,0,0,0,0,1,0,0,0,0,0,0,0,0,0,0,0,0,0,0,569000,1,1,46,0
0,0,0,0,0,1,0,0,0,0,0,0,0,0,0,0,0,0,0,0,1375000,3,5,197,0
0,0,0,0,0,1,0,0,0,0,0,0,0,0,0,0,0,0,0,0,550000,2,2,69,0
0,0,0,0,0,1,0,0,0,0,0,0,0,0,0,0,0,0,0,0,1495000,3,4,224,0
0,0,0,0,0,1,0,0,0,0,0,0,0,0,0,0,0,0,0,0,698000,2,2,108,0
0,0,0,0,0,1,0,0,0,0,0,0,0,0,0,0,0,0,0,0,800000,2,3,124,0
0,0,0,0,0,1,0,0,0,0,0,0,0,0,0,0,0,0,0,0,1625000,4,3,192,0
0,0,0,0,0,1,0,0,0,0,0,0,0,0,0,0,0,0,0,0,1495000,3,4,224,0
0,0,0,0,0,1,0,0,0,0,0,0,0,0,0,0,0,0,0,0,850000,2,2,100,0
0,0,0,0,0,1,0,0,0,0,0,0,0,0,0,0,0,0,0,0,1000000,2,5,186,0
0,0,0,0,0,1,0,0,0,0,0,0,0,0,0,0,0,0,0,0,679000,3,2,75,0
0,0,0,0,0,1,0,0,0,0,0,0,0,0,0,0,0,0,0,0,1000000,2,5,186,0
0,0,0,0,0,1,0,0,0,0,0,0,0,0,0,0,0,0,0,0,550000,2,2,69,0
0,0,0,0,0,1,0,0,0,0,0,0,0,0,0,0,0,0,0,0,2055000,3,2,245,0
0,0,0,0,0,1,0,0,0,0,0,0,0,0,0,0,0,0,0,0,1074000,2,5,179,0
0,0,0,0,0,1,0,0,0,0,0,0,0,0,0,0,0,0,0,0,1950000,3,4,175,0
0,0,0,0,0,0,0,0,0,1,0,0,0,0,0,0,0,0,0,0,145000,1,3,54,0
0,0,0,0,0,0,0,0,0,1,0,0,0,0,0,0,0,0,0,0,299000,2,3,154,0
0,0,0,0,0,0,0,0,0,0,0,0,1,0,0,0,0,0,0,0,710000,2,3,127,0
0,0,0,0,0,0,0,0,0,0,0,0,1,0,0,0,0,0,0,0,1420000,2,2,107,0
0,0,0,0,0,0,0,0,0,0,0,0,1,0,0,0,0,0,0,0,330000,2,2,80,0
0,0,0,0,0,0,0,0,0,0,0,0,1,0,0,0,0,0,0,0,719000,3,3,87,0
0,0,0,0,0,0,0,0,0,0,0,0,1,0,0,0,0,0,0,0,950000,3,3,119,0
0,0,0,0,0,0,0,0,0,0,0,0,1,0,0,0,0,0,0,0,1099000,4,4,166,0
0,0,0,0,0,0,0,0,0,0,0,0,1,0,0,0,0,0,0,0,499000,1,3,88,0
0,0,0,0,0,0,0,0,0,0,0,0,1,0,0,0,0,0,0,0,710000,2,3,127,0
0,0,0,0,0,0,0,0,0,0,0,0,1,0,0,0,0,0,0,0,995000,2,2,125,0
0,0,0,0,0,0,0,0,0,0,0,0,1,0,0,0,0,0,0,0,795000,2,4,200,0
0,0,0,0,0,0,0,0,0,0,0,0,1,0,0,0,0,0,0,0,660000,1,2,107,0
0,0,0,0,0,0,0,0,0,0,0,0,1,0,0,0,0,0,0,0,770000,2,4,123,0
0,0,0,0,0,0,0,0,0,0,0,0,1,0,0,0,0,0,0,0,548000,1,2,75,0
0,0,0,0,0,0,0,0,0,0,0,0,1,0,0,0,0,0,0,0,464000,2,3,53,0
0,0,0,0,0,0,0,0,0,0,0,0,1,0,0,0,0,0,0,0,299000,1,2,61,0
0,0,0,0,0,0,0,0,0,0,0,0,1,0,0,0,0,0,0,0,570000,2,4,160,0
0,0,0,0,0,0,0,0,0,0,0,0,1,0,0,0,0,0,0,0,660000,2,1,120,0
0,0,0,0,0,0,0,0,0,0,0,0,1,0,0,0,0,0,0,0,825000,4,4,164,0
0,0,0,0,0,0,0,0,0,0,0,0,1,0,0,0,0,0,0,0,575500,1,2,70,0
0,0,0,0,0,0,0,0,0,0,0,0,1,0,0,0,0,0,0,0,2600000,6,4,500,0
0,0,0,0,0,0,0,0,0,0,0,0,1,0,0,0,0,0,0,0,240000,1,1,38,0
0,0,0,0,0,0,0,0,0,0,0,0,1,0,0,0,0,0,0,0,899000,3,3,107,0
0,0,0,0,0,0,0,0,0,0,0,0,1,0,0,0,0,0,0,0,590000,2,2,93,0
0,0,0,0,0,0,0,0,0,0,0,0,1,0,0,0,0,0,0,0,660000,2,2,121,0
0,0,0,0,0,0,0,0,0,0,0,0,1,0,0,0,0,0,0,0,1150000,3,3,133,0
0,0,0,0,0,0,0,0,0,0,0,0,0,0,0,0,0,1,0,0,1625000,5,6,450,1
0,0,0,0,0,0,0,0,0,0,0,0,0,0,0,0,0,1,0,0,1625000,5,6,443,1
0,0,0,0,0,0,0,0,0,0,0,0,0,0,0,0,0,1,0,0,2395000,5,5,781,1
0,0,0,0,0,0,0,0,0,0,0,0,0,0,0,0,0,1,0,0,2395000,4,4,700,1
0,0,0,1,0,0,0,0,0,0,0,0,0,0,0,0,0,0,0,0,1200000,4,4,300,0
0,0,0,1,0,0,0,0,0,0,0,0,0,0,0,0,0,0,0,0,1200000,4,5,240,0
0,0,0,1,0,0,0,0,0,0,0,0,0,0,0,0,0,0,0,0,930000,4,5,265,1
0,0,0,1,0,0,0,0,0,0,0,0,0,0,0,0,0,0,0,0,1370000,5,4,248,0
0,0,0,1,0,0,0,0,0,0,0,0,0,0,0,0,0,0,0,0,1950000,6,6,488,1
0,0,0,1,0,0,0,0,0,0,0,0,0,0,0,0,0,0,0,0,875000,5,7,348,0
0,0,0,1,0,0,0,0,0,0,0,0,0,0,0,0,0,0,0,0,3500000,6,5,1525,1
0,0,0,1,0,0,0,0,0,0,0,0,0,0,0,0,0,0,0,0,2950000,8,7,580,1
0,0,0,1,0,0,0,0,0,0,0,0,0,0,0,0,0,0,0,0,2800000,5,5,780,1
0,0,0,1,0,0,0,0,0,0,0,0,0,0,0,0,0,0,0,0,1450000,4,5,258,0
0,0,0,1,0,0,0,0,0,0,0,0,0,0,0,0,0,0,0,0,1290000,4,4,234,0
0,0,0,1,0,0,0,0,0,0,0,0,0,0,0,0,0,0,0,0,1190000,4,5,231,1
0,0,0,1,0,0,0,0,0,0,0,0,0,0,0,0,0,0,0,0,840000,3,4,254,0
0,0,0,1,0,0,0,0,0,0,0,0,0,0,0,0,0,0,0,0,2390000,6,6,400,1
0,0,0,1,0,0,0,0,0,0,0,0,0,0,0,0,0,0,0,0,1097000,3,3,150,0
0,0,0,1,0,0,0,0,0,0,0,0,0,0,0,0,0,0,0,0,950000,5,6,430,1
0,0,0,1,0,0,0,0,0,0,0,0,0,0,0,0,0,0,0,0,1450000,4,5,340,0
0,0,0,1,0,0,0,0,0,0,0,0,0,0,0,0,0,0,0,0,999000,5,5,308,1
0,0,0,1,0,0,0,0,0,0,0,0,0,0,0,0,0,0,0,0,2500000,7,6,510,1
0,0,0,1,0,0,0,0,0,0,0,0,0,0,0,0,0,0,0,0,1450000,3,4,218,0
0,0,0,1,0,0,0,0,0,0,0,0,0,0,0,0,0,0,0,0,2500000,11,11,500,1
0,0,0,1,0,0,0,0,0,0,0,0,0,0,0,0,0,0,0,0,2950000,5,6,700,1
0,0,0,1,0,0,0,0,0,0,0,0,0,0,0,0,0,0,0,0,949000,2,3,240,0
0,0,0,1,0,0,0,0,0,0,0,0,0,0,0,0,0,0,0,0,5900000,8,5,730,1
0,0,0,1,0,0,0,0,0,0,0,0,0,0,0,0,0,0,0,0,640000,2,3,115,0
0,0,0,1,0,0,0,0,0,0,0,0,0,0,0,0,0,0,0,0,720000,2,2,125,0
0,0,0,1,0,0,0,0,0,0,0,0,0,0,0,0,0,0,0,0,895000,4,6,272,1
0,0,0,1,0,0,0,0,0,0,0,0,0,0,0,0,0,0,0,0,2500000,6,5,510,1
0,0,0,1,0,0,0,0,0,0,0,0,0,0,0,0,0,0,0,0,2280000,3,4,268,0
0,0,0,1,0,0,0,0,0,0,0,0,0,0,0,0,0,0,0,0,750000,2,2,149,0
0,0,0,1,0,0,0,0,0,0,0,0,0,0,0,0,0,0,0,0,1890000,3,4,316,0
0,0,0,1,0,0,0,0,0,0,0,0,0,0,0,0,0,0,0,0,1150000,3,3,143,0
0,0,0,1,0,0,0,0,0,0,0,0,0,0,0,0,0,0,0,0,990000,4,5,292,0
0,0,0,1,0,0,0,0,0,0,0,0,0,0,0,0,0,0,0,0,2950000,6,6,555,1
0,0,0,1,0,0,0,0,0,0,0,0,0,0,0,0,0,0,0,0,1190000,6,5,400,1
0,0,0,1,0,0,0,0,0,0,0,0,0,0,0,0,0,0,0,0,2800000,8,7,780,1
0,0,0,1,0,0,0,0,0,0,0,0,0,0,0,0,0,0,0,0,5500000,9,7,1200,1
0,0,0,1,0,0,0,0,0,0,0,0,0,0,0,0,0,0,0,0,3500000,10,7,749,1
0,0,0,1,0,0,0,0,0,0,0,0,0,0,0,0,0,0,0,0,595000,2,4,140,0
0,0,0,1,0,0,0,0,0,0,0,0,0,0,0,0,0,0,0,0,349000,1,1,51,0
0,0,0,1,0,0,0,0,0,0,0,0,0,0,0,0,0,0,0,0,835000,5,4,302,1
0,0,0,1,0,0,0,0,0,0,0,0,0,0,0,0,0,0,0,0,2900000,12,7,1768,1
0,0,0,1,0,0,0,0,0,0,0,0,0,0,0,0,0,0,0,0,1450000,5,5,340,0
0,0,0,1,0,0,0,0,0,0,0,0,0,0,0,0,0,0,0,0,950000,3,3,205,1
0,0,0,1,0,0,0,0,0,0,0,0,0,0,0,0,0,0,0,0,795000,3,2,201,1
0,0,0,1,0,0,0,0,0,0,0,0,0,0,0,0,0,0,0,0,1540000,3,4,345,0
0,0,0,0,0,0,0,0,0,0,0,0,0,0,0,0,0,0,1,0,300000,2,4,98,0
0,0,0,0,0,0,0,0,0,0,0,0,0,0,0,0,1,0,0,0,550000,1,2,97,0
0,0,0,0,0,0,0,0,0,0,0,0,0,0,0,0,1,0,0,0,2450000,4,6,430,0
0,0,0,0,0,0,0,1,0,0,0,0,0,0,0,0,0,0,0,0,4950000,7,6,886,1
0,0,0,0,0,0,0,1,0,0,0,0,0,0,0,0,0,0,0,0,730000,2,2,125,0
0,0,0,0,0,0,0,1,0,0,0,0,0,0,0,0,0,0,0,0,2770000,5,4,370,0
0,0,0,0,0,0,0,1,0,0,0,0,0,0,0,0,0,0,0,0,2225000,6,5,268,1
0,0,0,0,0,0,0,1,0,0,0,0,0,0,0,0,0,0,0,0,3700000,6,6,430,1
0,0,0,0,0,0,0,1,0,0,0,0,0,0,0,0,0,0,0,0,670000,2,4,126,0
0,0,0,0,0,0,0,1,0,0,0,0,0,0,0,0,0,0,0,0,2300000,5,4,310,0
0,0,0,0,0,0,0,1,0,0,0,0,0,0,0,0,0,0,0,0,1395000,2,3,177,0
0,1,0,0,0,0,0,0,0,0,0,0,0,0,0,0,0,0,0,0,1255000,3,3,153,0
0,1,0,0,0,0,0,0,0,0,0,0,0,0,0,0,0,0,0,0,560000,2,3,74,0
0,1,0,0,0,0,0,0,0,0,0,0,0,0,0,0,0,0,0,0,2395000,5,4,264,0
0,1,0,0,0,0,0,0,0,0,0,0,0,0,0,0,0,0,0,0,697000,1,2,122,0
0,1,0,0,0,0,0,0,0,0,0,0,0,0,0,0,0,0,0,0,595000,1,3,89,0
0,1,0,0,0,0,0,0,0,0,0,0,0,0,0,0,0,0,0,0,2395000,5,4,264,0
0,1,0,0,0,0,0,0,0,0,0,0,0,0,0,0,0,0,0,0,697000,1,2,122,0
0,1,0,0,0,0,0,0,0,0,0,0,0,0,0,0,0,0,0,0,1312500,3,4,215,0
0,1,0,0,0,0,0,0,0,0,0,0,0,0,0,0,0,0,0,0,1075000,2,3,169,0
0,1,0,0,0,0,0,0,0,0,0,0,0,0,0,0,0,0,0,0,950000,2,4,157,0
0,0,0,0,0,0,0,0,1,0,0,0,0,0,0,0,0,0,0,0,260000,1,0,78,0
0,0,0,0,0,0,0,0,0,0,0,0,0,0,0,0,1,0,0,0,450000,2,3,94,0
0,0,0,0,0,0,0,0,0,0,0,0,0,0,0,0,1,0,0,0,375000,1,3,92,0
0,0,0,0,0,0,0,0,0,0,0,0,0,0,0,0,1,0,0,0,579000,2,3,145,0
0,0,0,0,0,0,0,0,0,0,0,0,0,0,0,0,1,0,0,0,370000,1,4,86,0
0,0,0,0,0,0,0,0,0,0,0,0,0,0,0,0,1,0,0,0,579000,2,3,118,0
0,0,0,0,0,0,0,0,0,0,0,0,1,0,0,0,0,0,0,0,320000,1,2,52,0
0,0,0,0,0,0,0,0,0,0,0,0,1,0,0,0,0,0,0,0,550000,2,3,112,0
0,0,0,0,0,0,0,0,0,0,0,0,1,0,0,0,0,0,0,0,1080000,2,2,101,0
0,0,0,0,0,0,0,0,0,0,0,0,1,0,0,0,0,0,0,0,267000,1,0,39,0
0,0,0,0,0,0,0,0,0,0,0,0,1,0,0,0,0,0,0,0,3600000,3,5,358,0
0,0,0,0,0,0,0,0,0,0,0,0,1,0,0,0,0,0,0,0,777000,1,2,111,0
0,0,0,0,0,0,0,0,0,0,0,0,1,0,0,0,0,0,0,0,777000,1,2,111,0
0,0,0,0,0,0,0,0,0,0,0,0,1,0,0,0,0,0,0,0,777000,1,2,111,0
0,0,0,0,0,0,0,0,0,0,0,0,1,0,0,0,0,0,0,0,2575000,4,4,215,0
0,0,0,0,0,0,0,0,0,0,0,0,1,0,0,0,0,0,0,0,1356000,2,2,122,0
0,0,0,0,0,0,0,0,0,0,0,0,1,0,0,0,0,0,0,0,375000,1,1,66,0
0,0,0,0,0,0,0,0,0,0,0,0,1,0,0,0,0,0,0,0,1175000,3,4,173,0
0,0,0,0,0,0,0,0,0,0,0,1,0,0,0,0,0,0,0,0,860000,2,2,195,0
0,0,0,0,0,0,0,0,0,0,0,1,0,0,0,0,0,0,0,0,470000,1,2,91,0
0,0,0,0,0,0,0,0,0,0,0,1,0,0,0,0,0,0,0,0,2060000,5,5,334,1
0,0,0,0,0,0,0,0,0,0,0,1,0,0,0,0,0,0,0,0,795000,2,3,146,0
0,0,0,0,0,0,0,0,0,0,0,0,0,0,0,0,0,0,0,0,380000,1,3,75,0
0,0,0,0,0,0,0,0,0,0,0,0,0,0,0,0,0,0,0,0,530000,2,3,93,0
0,0,0,0,0,0,0,0,0,0,0,0,0,0,0,0,0,0,0,0,525000,2,3,104,0
0,0,0,0,0,0,0,0,1,0,0,0,0,0,0,0,0,0,0,0,378000,2,3,104,0
0,0,0,0,0,0,0,0,0,0,0,0,0,0,0,0,0,1,0,0,1237000,7,8,485,1
0,0,0,0,0,0,0,0,0,0,0,0,0,0,0,0,0,1,0,0,1790000,4,5,414,1
0,0,0,0,0,0,0,0,0,0,0,0,0,0,0,0,0,1,0,0,480000,2,3,100,0
0,0,0,0,0,0,0,0,0,0,0,1,0,0,0,0,0,0,0,0,345000,2,3,98,0
0,0,0,0,0,0,0,1,0,0,0,0,0,0,0,0,0,0,0,0,1400000,2,4,236,0
0,0,0,0,0,0,0,1,0,0,0,0,0,0,0,0,0,0,0,0,430000,2,2,76,0
0,0,0,0,0,0,0,1,0,0,0,0,0,0,0,0,0,0,0,0,1329000,5,5,442,0
0,0,0,0,0,0,0,1,0,0,0,0,0,0,0,0,0,0,0,0,699000,3,5,160,0
0,0,0,0,0,0,0,1,0,0,0,0,0,0,0,0,0,0,0,0,290000,1,2,42,0
0,0,0,0,0,0,0,1,0,0,0,0,0,0,0,0,0,0,0,0,399000,1,2,81,0
0,0,0,0,0,0,0,1,0,0,0,0,0,0,0,0,0,0,0,0,1200000,3,3,236,0
0,0,0,0,0,0,0,0,0,0,0,0,0,1,0,0,0,0,0,0,214900,1,2,70,0
0,0,0,0,0,0,0,0,0,0,0,0,0,1,0,0,0,0,0,0,334740,2,2,102,0
0,0,0,0,0,0,0,0,0,0,0,0,0,1,0,0,0,0,0,0,229900,1,2,75,0
0,0,0,0,0,0,0,0,0,0,0,0,0,0,0,0,0,0,0,1,240000,1,2,100,0
0,0,0,0,0,0,0,0,0,0,0,0,0,0,0,0,0,0,0,1,210000,3,3,153,0
0,0,0,0,0,0,0,0,0,0,1,0,0,0,0,0,0,0,0,0,880000,2,5,164,0
0,0,0,0,0,0,0,0,0,0,1,0,0,0,0,0,0,0,0,0,660000,3,5,202,0
0,0,0,0,0,0,0,0,0,0,1,0,0,0,0,0,0,0,0,0,625000,2,3,125,0
0,0,0,0,0,0,0,0,0,0,1,0,0,0,0,0,0,0,0,0,199000,1,2,66,0
0,0,0,0,0,0,0,0,0,0,0,0,0,1,0,0,0,0,0,0,249900,1,2,70,0
0,0,0,0,0,0,0,0,0,0,0,0,0,1,0,0,0,0,0,0,259000,1,2,54,0
0,0,0,0,0,0,0,0,0,0,0,0,0,1,0,0,0,0,0,0,449900,2,3,105,0
0,0,0,0,0,1,0,0,0,0,0,0,0,0,0,0,0,0,0,0,1920000,3,3,183,0
0,0,0,0,0,1,0,0,0,0,0,0,0,0,0,0,0,0,0,0,1590750,3,3,116,0
0,0,0,0,0,1,0,0,0,0,0,0,0,0,0,0,0,0,0,0,5700000,5,4,305,0
0,0,0,0,0,1,0,0,0,0,0,0,0,0,0,0,0,0,0,0,3950000,5,4,291,0
0,0,0,0,0,1,0,0,0,0,0,0,0,0,0,0,0,0,0,0,1300000,4,3,133,0
0,0,0,0,0,1,0,0,0,0,0,0,0,0,0,0,0,0,0,0,2600000,3,4,247,0
0,0,0,0,0,1,0,0,0,0,0,0,0,0,0,0,0,0,0,0,1300000,4,3,121,0
0,0,0,0,0,1,0,0,0,0,0,0,0,0,0,0,0,0,0,0,1750000,3,2,150,0
0,0,0,0,0,1,0,0,0,0,0,0,0,0,0,0,0,0,0,0,5500000,4,4,299,0
0,0,0,0,0,1,0,0,0,0,0,0,0,0,0,0,0,0,0,0,1920000,3,3,211,0
0,0,0,0,0,1,0,0,0,0,0,0,0,0,0,0,0,0,0,0,1650000,2,2,137,0
0,0,0,0,0,1,0,0,0,0,0,0,0,0,0,0,0,0,0,0,5000000,4,3,447,0
0,0,0,0,0,1,0,0,0,0,0,0,0,0,0,0,0,0,0,0,2390000,4,4,200,0
0,0,0,0,0,1,0,0,0,0,0,0,0,0,0,0,0,0,0,0,1598000,3,3,116,0
0,0,0,0,0,1,0,0,0,0,0,0,0,0,0,0,0,0,0,0,1200000,2,2,114,0
0,0,0,0,0,1,0,0,0,0,0,0,0,0,0,0,0,0,0,0,1750000,3,2,143,0
0,0,0,0,0,1,0,0,0,0,0,0,0,0,0,0,0,0,0,0,8900000,6,5,713,0
0,0,0,0,0,1,0,0,0,0,0,0,0,0,0,0,0,0,0,0,990000,2,3,102,0
0,0,0,0,0,1,0,0,0,0,0,0,0,0,0,0,0,0,0,0,1490000,2,3,120,0
0,0,0,0,0,1,0,0,0,0,0,0,0,0,0,0,0,0,0,0,730000,1,1,81,0
0,0,1,0,0,0,0,0,0,0,0,0,0,0,0,0,0,0,0,0,359000,1,1,86,0
0,0,1,0,0,0,0,0,0,0,0,0,0,0,0,0,0,0,0,0,262500,1,1,63,0
0,0,0,0,0,0,0,0,0,0,0,0,0,0,0,0,1,0,0,0,1125000,3,3,173,0
0,0,0,0,0,0,0,0,0,0,0,0,0,0,0,0,1,0,0,0,1200000,2,2,124,0
0,0,0,0,0,0,0,0,0,0,0,0,0,0,0,0,1,0,0,0,557000,2,3,91,0
0,0,0,0,0,0,0,0,0,0,0,0,0,0,0,0,1,0,0,0,695000,2,4,125,0
0,0,0,0,0,0,0,0,0,0,0,0,0,0,0,0,1,0,0,0,1230000,4,3,225,0
0,0,0,0,0,0,0,0,0,0,0,0,0,0,0,0,1,0,0,0,990000,2,3,146,0
0,0,0,0,0,0,0,0,0,0,0,0,0,0,0,0,1,0,0,0,1150000,3,4,158,0
0,0,0,0,0,0,0,0,0,0,0,0,0,0,0,0,1,0,0,0,735000,2,2,107,0
0,0,0,0,0,0,0,0,0,0,0,0,0,0,0,0,1,0,0,0,599000,2,3,106,0
0,0,0,0,0,0,0,0,0,0,0,0,0,0,0,0,1,0,0,0,670000,2,3,140,0
0,0,0,0,0,0,0,0,0,0,0,0,0,0,0,0,1,0,0,0,769000,2,2,198,0
0,0,0,0,0,0,0,0,0,0,0,0,0,0,0,0,1,0,0,0,1360000,3,2,210,0
0,0,0,0,0,0,0,0,0,0,0,0,0,0,0,0,1,0,0,0,880000,3,3,167,0
0,0,0,0,0,0,0,0,0,0,0,0,0,0,0,0,1,0,0,0,800000,2,3,158,0
0,0,0,0,0,0,0,0,0,0,0,0,0,0,0,0,1,0,0,0,660000,2,2,88,0
0,0,0,0,0,0,0,0,0,0,0,0,0,0,0,0,1,0,0,0,1125000,2,4,142,0
0,0,0,0,0,0,0,0,0,0,0,0,0,0,0,0,1,0,0,0,1050000,2,2,180,0
0,0,0,0,0,0,0,0,0,0,0,0,0,0,0,0,1,0,0,0,2100000,2,2,131,0
0,0,0,0,0,0,0,0,0,0,0,0,0,0,0,0,1,0,0,0,750000,3,2,109,0
0,0,0,0,0,0,0,0,0,0,0,0,0,0,0,0,1,0,0,0,670000,2,3,105,0
0,0,0,0,0,0,0,0,0,0,0,0,0,0,0,0,1,0,0,0,635000,3,4,151,0
0,0,1,0,0,0,0,0,0,0,0,0,0,0,0,0,0,0,0,0,1175000,5,5,360,1
0,0,1,0,0,0,0,0,0,0,0,0,0,0,0,0,0,0,0,0,379900,1,3,116,0
0,0,1,0,0,0,0,0,0,0,0,0,0,0,0,0,0,0,0,0,720000,2,3,212,0
0,0,1,0,0,0,0,0,0,0,0,0,0,0,0,0,0,0,0,0,1250000,5,4,367,1
0,0,1,0,0,0,0,0,0,0,0,0,0,0,0,0,0,0,0,0,535000,3,4,133,0
0,0,1,0,0,0,0,0,0,0,0,0,0,0,0,0,0,0,0,0,970000,4,4,279,1
0,0,1,0,0,0,0,0,0,0,0,0,0,0,0,0,0,0,0,0,720000,2,3,212,0
0,0,1,0,0,0,0,0,0,0,0,0,0,0,0,0,0,0,0,0,375000,2,1,313,0
0,0,1,0,0,0,0,0,0,0,0,0,0,0,0,0,0,0,0,0,990000,4,3,320,1
0,0,1,0,0,0,0,0,0,0,0,0,0,0,0,0,0,0,0,0,1150000,5,4,370,1
0,0,1,0,0,0,0,0,0,0,0,0,0,0,0,0,0,0,0,0,1250000,4,4,367,1
0,0,0,0,0,0,0,0,0,0,0,0,0,0,0,0,0,0,0,1,180000,1,2,92,0
0,0,0,0,0,0,0,0,0,0,0,0,0,0,0,0,0,0,0,1,125000,1,1,62,0
1,0,0,0,0,0,0,0,0,0,0,0,0,0,0,0,0,0,0,0,179000,1,3,84,0
0,0,0,0,0,0,0,0,1,0,0,0,0,0,0,0,0,0,0,0,229000,2,3,118,0
0,0,0,0,0,0,0,0,1,0,0,0,0,0,0,0,0,0,0,0,335000,2,2,70,0
0,0,0,0,0,0,0,0,1,0,0,0,0,0,0,0,0,0,0,0,285000,2,2,91,0
0,0,0,0,0,0,0,0,1,0,0,0,0,0,0,0,0,0,0,0,140000,1,2,56,0
0,0,0,0,0,0,0,0,0,0,0,0,0,1,0,0,0,0,0,0,1150000,4,5,254,0
0,0,0,0,0,0,0,0,0,0,0,1,0,0,0,0,0,0,0,0,555000,2,3,110,0
0,0,1,0,0,0,0,0,0,0,0,0,0,0,0,0,0,0,0,0,132000,1,1,46,0
0,0,1,0,0,0,0,0,0,0,0,0,0,0,0,0,0,0,0,0,269900,2,3,85,0
0,0,1,0,0,0,0,0,0,0,0,0,0,0,0,0,0,0,0,0,290000,1,1,96,0
0,0,1,0,0,0,0,0,0,0,0,0,0,0,0,0,0,0,0,0,1097900,3,4,203,1
0,0,1,0,0,0,0,0,0,0,0,0,0,0,0,0,0,0,0,0,1078900,3,4,239,1
0,0,1,0,0,0,0,0,0,0,0,0,0,0,0,0,0,0,0,0,389000,2,2,96,0
0,0,1,0,0,0,0,0,0,0,0,0,0,0,0,0,0,0,0,0,122000,1,2,48,0
0,0,0,0,0,0,0,0,0,0,0,0,1,0,0,0,0,0,0,0,752248,2,3,132,0
0,0,0,0,0,0,0,0,0,0,0,0,1,0,0,0,0,0,0,0,899000,1,5,144,0
0,0,0,0,0,0,0,0,0,0,0,0,1,0,0,0,0,0,0,0,859000,2,2,88,0
0,0,0,0,0,0,0,0,0,0,0,0,1,0,0,0,0,0,0,0,749000,2,2,104,0
0,0,0,0,0,0,0,0,0,0,0,0,1,0,0,0,0,0,0,0,2000000,1,3,142,0
0,0,0,0,0,0,0,0,0,0,0,0,1,0,0,0,0,0,0,0,919000,3,3,112,0
0,0,0,0,0,0,0,0,0,0,0,0,1,0,0,0,0,0,0,0,989000,3,3,112,0
0,0,0,0,0,0,0,0,0,0,0,0,1,0,0,0,0,0,0,0,350000,1,0,61,0
0,0,0,0,0,0,0,0,0,0,0,0,1,0,0,0,0,0,0,0,450000,1,2,60,0
0,0,0,0,0,0,0,0,0,0,0,0,1,0,0,0,0,0,0,0,690000,2,4,163,0
0,0,0,0,0,0,1,0,0,0,0,0,0,0,0,0,0,0,0,0,675000,2,2,102,0
0,0,0,0,0,0,1,0,0,0,0,0,0,0,0,0,0,0,0,0,1250000,3,4,230,0
0,0,0,0,0,0,1,0,0,0,0,0,0,0,0,0,0,0,0,0,1200000,3,4,209,0
0,0,0,0,0,0,1,0,0,0,0,0,0,0,0,0,0,0,0,0,1100000,2,3,247,0
0,0,0,0,0,0,1,0,0,0,0,0,0,0,0,0,0,0,0,0,1290000,3,3,211,0
0,0,0,0,0,0,1,0,0,0,0,0,0,0,0,0,0,0,0,0,1090000,3,4,208,0
0,0,0,0,0,0,1,0,0,0,0,0,0,0,0,0,0,0,0,0,585000,2,2,154,0
0,0,0,0,0,0,1,0,0,0,0,0,0,0,0,0,0,0,0,0,1600000,4,4,249,0
0,0,0,0,0,0,1,0,0,0,0,0,0,0,0,0,0,0,0,0,1080000,2,4,270,0
0,0,0,0,1,0,0,0,0,0,0,0,0,0,0,0,0,0,0,0,253000,1,3,80,0
0,0,0,0,1,0,0,0,0,0,0,0,0,0,0,0,0,0,0,0,830000,3,4,232,1
0,1,0,0,0,0,0,0,0,0,0,0,0,0,0,0,0,0,0,0,338000,1,1,67,0
0,1,0,0,0,0,0,0,0,0,0,0,0,0,0,0,0,0,0,0,950000,2,4,169,0
0,1,0,0,0,0,0,0,0,0,0,0,0,0,0,0,0,0,0,0,1400000,3,2,138,0
0,1,0,0,0,0,0,0,0,0,0,0,0,0,0,0,0,0,0,0,870000,2,4,169,0
0,1,0,0,0,0,0,0,0,0,0,0,0,0,0,0,0,0,0,0,1175000,2,2,153,0
0,1,0,0,0,0,0,0,0,0,0,0,0,0,0,0,0,0,0,0,1490000,3,3,145,0
0,1,0,0,0,0,0,0,0,0,0,0,0,0,0,0,0,0,0,0,1259000,3,3,157,0
0,1,0,0,0,0,0,0,0,0,0,0,0,0,0,0,0,0,0,0,870000,2,2,91,0
0,1,0,0,0,0,0,0,0,0,0,0,0,0,0,0,0,0,0,0,565000,1,2,62,0
0,1,0,0,0,0,0,0,0,0,0,0,0,0,0,0,0,0,0,0,308000,1,2,54,0
0,1,0,0,0,0,0,0,0,0,0,0,0,0,0,0,0,0,0,0,785000,2,2,116,0
0,1,0,0,0,0,0,0,0,0,0,0,0,0,0,0,0,0,0,0,950000,2,3,125,0
0,1,0,0,0,0,0,0,0,0,0,0,0,0,0,0,0,0,0,0,865000,2,2,127,0
0,0,0,0,0,0,1,0,0,0,0,0,0,0,0,0,0,0,0,0,260000,1,2,66,0
0,0,0,0,0,0,1,0,0,0,0,0,0,0,0,0,0,0,0,0,475000,1,1,79,0
0,0,0,0,0,0,1,0,0,0,0,0,0,0,0,0,0,0,0,0,349000,1,1,80,0
0,0,0,0,0,0,1,0,0,0,0,0,0,0,0,0,0,0,0,0,388000,1,1,61,0
0,0,0,0,0,0,1,0,0,0,0,0,0,0,0,0,0,0,0,0,388000,1,1,61,0
0,0,0,0,0,0,1,0,0,0,0,0,0,0,0,0,0,0,0,0,445000,2,3,104,0
0,0,0,0,0,0,1,0,0,0,0,0,0,0,0,0,0,0,0,0,758500,2,3,170,0
0,0,0,0,0,0,1,0,0,0,0,0,0,0,0,0,0,0,0,0,417500,2,2,96,0
0,0,0,0,0,0,1,0,0,0,0,0,0,0,0,0,0,0,0,0,391000,2,2,104,0
0,0,0,0,0,0,1,0,0,0,0,0,0,0,0,0,0,0,0,0,447500,2,2,96,0
0,0,0,0,0,0,1,0,0,0,0,0,0,0,0,0,0,0,0,0,465000,2,2,104,0
0,0,0,0,0,0,0,0,0,0,0,1,0,0,0,0,0,0,0,0,875000,2,3,140,0
0,0,0,0,0,0,0,0,0,0,0,1,0,0,0,0,0,0,0,0,749700,2,3,143,0
0,0,0,0,0,0,0,0,0,0,0,1,0,0,0,0,0,0,0,0,782300,2,3,193,0
0,0,0,0,0,0,0,0,0,0,0,1,0,0,0,0,0,0,0,0,735000,2,3,120,0
0,0,0,0,0,0,0,0,0,0,0,1,0,0,0,0,0,0,0,0,880000,3,4,180,0
0,0,0,1,0,0,0,0,0,0,0,0,0,0,0,0,0,0,0,0,1038800,3,3,205,0
0,0,0,1,0,0,0,0,0,0,0,0,0,0,0,0,0,0,0,0,1200000,4,4,421,0
0,0,0,1,0,0,0,0,0,0,0,0,0,0,0,0,0,0,0,0,2500000,10,11,761,1
0,0,0,1,0,0,0,0,0,0,0,0,0,0,0,0,0,0,0,0,490000,2,3,108,0
0,0,0,1,0,0,0,0,0,0,0,0,0,0,0,0,0,0,0,0,385000,2,3,92,0
0,0,0,1,0,0,0,0,0,0,0,0,0,0,0,0,0,0,0,0,675000,2,3,151,0
0,1,0,0,0,0,0,0,0,0,0,0,0,0,0,0,0,0,0,0,1295000,3,4,229,0
0,1,0,0,0,0,0,0,0,0,0,0,0,0,0,0,0,0,0,0,890000,2,3,121,0
0,1,0,0,0,0,0,0,0,0,0,0,0,0,0,0,0,0,0,0,745000,3,4,153,0
0,1,0,0,0,0,0,0,0,0,0,0,0,0,0,0,0,0,0,0,1225000,3,5,229,0
0,1,0,0,0,0,0,0,0,0,0,0,0,0,0,0,0,0,0,0,1220000,3,5,194,0
0,1,0,0,0,0,0,0,0,0,0,0,0,0,0,0,0,0,0,0,990000,3,5,194,0
0,0,0,0,0,0,0,0,0,0,0,0,0,1,0,0,0,0,0,0,137000,1,2,68,0
0,0,0,0,0,0,0,0,0,0,0,0,0,1,0,0,0,0,0,0,310000,1,2,89,0
0,0,0,0,0,0,0,0,0,0,0,0,0,1,0,0,0,0,0,0,198000,1,3,70,0
0,0,0,0,0,0,0,0,0,0,0,0,0,1,0,0,0,0,0,0,259900,1,2,61,0
0,0,0,0,0,0,1,0,0,0,0,0,0,0,0,0,0,0,0,0,910000,4,5,207,0
0,0,0,0,0,0,1,0,0,0,0,0,0,0,0,0,0,0,0,0,910000,4,5,207,0
0,0,0,0,0,0,0,0,0,0,0,1,0,0,0,0,0,0,0,0,899000,2,3,204,0
0,0,0,0,0,0,0,0,1,0,0,0,0,0,0,0,0,0,0,0,239900,2,4,157,0
0,0,0,0,0,0,0,0,1,0,0,0,0,0,0,0,0,0,0,0,155000,1,1,43,0
1,0,0,0,0,0,0,0,0,0,0,0,0,0,0,0,0,0,0,0,164000,1,3,67,0
