Usera,Chamberí,San Blas-Canillejas,Moncloa-Aravaca,Barajas,Salamanca,Tetuán,Chamartín,Carabanchel,Villaverde,Latina,Hortaleza,Centro,Ciudad Lineal,Vicálvaro,Villa de Vallecas,Retiro,Fuencarral-El Pardo,Moratalaz,Puente de Vallecas,price,baths,rooms,sqft,size_range,Independientes
1,0,0,0,0,0,0,0,0,0,0,0,0,0,0,0,0,0,0,0,155000,1,2,74,Q1 - Small,0
0,0,0,0,0,0,0,0,0,0,0,0,0,0,0,0,0,0,0,0,560000,2,5,148,Q2 - Medium,0
0,0,0,0,0,0,0,0,0,0,0,0,0,0,0,0,0,0,0,0,979000,2,3,154,Q2 - Medium,0
0,0,0,0,0,0,0,0,0,0,0,0,0,0,0,0,0,0,0,0,400000,2,3,118,Q2 - Medium,0
0,0,0,0,0,0,0,0,0,0,0,0,0,0,0,0,0,0,0,0,500000,1,2,96,Q1 - Small,0
0,0,0,0,0,0,0,0,0,0,0,0,0,0,0,0,0,0,0,0,169000,1,0,36,Q1 - Small,0
0,1,0,0,0,0,0,0,0,0,0,0,0,0,0,0,0,0,0,0,2800000,3,4,201,Q3 - Large,0
0,1,0,0,0,0,0,0,0,0,0,0,0,0,0,0,0,0,0,0,1049000,2,3,158,Q2 - Medium,0
0,1,0,0,0,0,0,0,0,0,0,0,0,0,0,0,0,0,0,0,2500000,5,6,306,Q4 - Very Large,0
0,1,0,0,0,0,0,0,0,0,0,0,0,0,0,0,0,0,0,0,1500000,3,3,137,Q2 - Medium,0
0,1,0,0,0,0,0,0,0,0,0,0,0,0,0,0,0,0,0,0,1650000,3,4,238,Q3 - Large,0
0,1,0,0,0,0,0,0,0,0,0,0,0,0,0,0,0,0,0,0,2700000,4,4,304,Q4 - Very Large,0
0,1,0,0,0,0,0,0,0,0,0,0,0,0,0,0,0,0,0,0,950000,2,2,120,Q2 - Medium,0
0,1,0,0,0,0,0,0,0,0,0,0,0,0,0,0,0,0,0,0,2690000,5,5,270,Q4 - Very Large,0
0,1,0,0,0,0,0,0,0,0,0,0,0,0,0,0,0,0,0,0,2600000,4,4,459,Q4 - Very Large,0
0,1,0,0,0,0,0,0,0,0,0,0,0,0,0,0,0,0,0,0,4200000,4,5,404,Q4 - Very Large,0
0,1,0,0,0,0,0,0,0,0,0,0,0,0,0,0,0,0,0,0,3200000,4,8,596,Q4 - Very Large,0
0,1,0,0,0,0,0,0,0,0,0,0,0,0,0,0,0,0,0,0,2900000,2,3,216,Q3 - Large,0
0,1,0,0,0,0,0,0,0,0,0,0,0,0,0,0,0,0,0,0,3200000,4,7,596,Q4 - Very Large,0
0,1,0,0,0,0,0,0,0,0,0,0,0,0,0,0,0,0,0,0,3250000,3,5,300,Q4 - Very Large,0
0,1,0,0,0,0,0,0,0,0,0,0,0,0,0,0,0,0,0,0,2700000,3,3,200,Q3 - Large,0
0,1,0,0,0,0,0,0,0,0,0,0,0,0,0,0,0,0,0,0,3195000,5,5,274,Q4 - Very Large,0
0,1,0,0,0,0,0,0,0,0,0,0,0,0,0,0,0,0,0,0,1380000,2,2,120,Q2 - Medium,0
0,1,0,0,0,0,0,0,0,0,0,0,0,0,0,0,0,0,0,0,3250000,3,6,300,Q4 - Very Large,0
0,1,0,0,0,0,0,0,0,0,0,0,0,0,0,0,0,0,0,0,750000,2,2,105,Q2 - Medium,0
1,0,0,0,0,0,0,0,0,0,0,0,0,0,0,0,0,0,0,0,689000,2,3,161,Q3 - Large,0
1,0,0,0,0,0,0,0,0,0,0,0,0,0,0,0,0,0,0,0,203000,1,1,47,Q1 - Small,0
1,0,0,0,0,0,0,0,0,0,0,0,0,0,0,0,0,0,0,0,169000,1,2,74,Q1 - Small,0
0,0,1,0,0,0,0,0,0,0,0,0,0,0,0,0,0,0,0,0,255900,1,3,93,Q1 - Small,0
0,1,0,0,0,0,0,0,0,0,0,0,0,0,0,0,0,0,0,0,850000,2,3,145,Q2 - Medium,0
0,1,0,0,0,0,0,0,0,0,0,0,0,0,0,0,0,0,0,0,319000,1,1,50,Q1 - Small,0
0,1,0,0,0,0,0,0,0,0,0,0,0,0,0,0,0,0,0,0,695000,2,3,120,Q2 - Medium,0
0,1,0,0,0,0,0,0,0,0,0,0,0,0,0,0,0,0,0,0,850000,2,2,118,Q2 - Medium,0
0,1,0,0,0,0,0,0,0,0,0,0,0,0,0,0,0,0,0,0,2500000,5,6,399,Q4 - Very Large,0
0,1,0,0,0,0,0,0,0,0,0,0,0,0,0,0,0,0,0,0,349000,1,2,82,Q1 - Small,0
0,0,0,1,0,0,0,0,0,0,0,0,0,0,0,0,0,0,0,0,675000,2,3,153,Q2 - Medium,0
0,0,0,1,0,0,0,0,0,0,0,0,0,0,0,0,0,0,0,0,990000,4,5,292,Q4 - Very Large,0
0,0,0,1,0,0,0,0,0,0,0,0,0,0,0,0,0,0,0,0,958800,4,4,150,Q2 - Medium,0
0,0,0,1,0,0,0,0,0,0,0,0,0,0,0,0,0,0,0,0,3950000,8,8,725,Q4 - Very Large,1
0,0,0,1,0,0,0,0,0,0,0,0,0,0,0,0,0,0,0,0,1250000,5,4,300,Q4 - Very Large,1
0,0,0,0,0,0,0,0,0,0,0,0,0,0,0,0,0,0,0,0,850000,2,4,182,Q3 - Large,0
0,0,0,1,0,0,0,0,0,0,0,0,0,0,0,0,0,0,0,0,1850000,5,5,306,Q4 - Very Large,0
0,0,0,1,0,0,0,0,0,0,0,0,0,0,0,0,0,0,0,0,750000,3,5,156,Q2 - Medium,0
0,0,0,1,0,0,0,0,0,0,0,0,0,0,0,0,0,0,0,0,435000,1,2,82,Q1 - Small,0
0,0,0,1,0,0,0,0,0,0,0,0,0,0,0,0,0,0,0,0,1349000,3,3,183,Q3 - Large,0
0,0,0,1,0,0,0,0,0,0,0,0,0,0,0,0,0,0,0,0,1320000,3,4,255,Q3 - Large,0
0,0,0,1,0,0,0,0,0,0,0,0,0,0,0,0,0,0,0,0,920000,3,5,210,Q3 - Large,0
0,0,0,1,0,0,0,0,0,0,0,0,0,0,0,0,0,0,0,0,560000,2,2,70,Q1 - Small,0
0,0,0,1,0,0,0,0,0,0,0,0,0,0,0,0,0,0,0,0,660000,1,1,58,Q1 - Small,0
0,0,0,1,0,0,0,0,0,0,0,0,0,0,0,0,0,0,0,0,435000,1,2,89,Q1 - Small,0
0,0,0,1,0,0,0,0,0,0,0,0,0,0,0,0,0,0,0,0,940000,2,3,139,Q2 - Medium,0
0,0,0,1,0,0,0,0,0,0,0,0,0,0,0,0,0,0,0,0,660000,1,1,58,Q1 - Small,0
0,0,0,1,0,0,0,0,0,0,0,0,0,0,0,0,0,0,0,0,375000,2,2,60,Q1 - Small,0
0,0,0,0,1,0,0,0,0,0,0,0,0,0,0,0,0,0,0,0,860000,3,6,363,Q4 - Very Large,1
0,0,0,0,1,0,0,0,0,0,0,0,0,0,0,0,0,0,0,0,299000,2,3,101,Q1 - Small,0
0,0,0,0,1,0,0,0,0,0,0,0,0,0,0,0,0,0,0,0,270000,1,1,80,Q1 - Small,0
0,0,0,0,0,1,0,0,0,0,0,0,0,0,0,0,0,0,0,0,2300000,3,4,242,Q3 - Large,0
0,0,0,0,0,1,0,0,0,0,0,0,0,0,0,0,0,0,0,0,698000,2,2,108,Q2 - Medium,0
0,0,0,0,0,1,0,0,0,0,0,0,0,0,0,0,0,0,0,0,1050000,4,6,259,Q3 - Large,0
0,0,0,0,0,1,0,0,0,0,0,0,0,0,0,0,0,0,0,0,750000,2,2,101,Q1 - Small,0
0,0,0,0,0,1,0,0,0,0,0,0,0,0,0,0,0,0,0,0,1750000,3,4,220,Q3 - Large,0
0,0,0,0,0,1,0,0,0,0,0,0,0,0,0,0,0,0,0,0,899000,2,3,177,Q3 - Large,0
0,0,0,0,0,1,0,0,0,0,0,0,0,0,0,0,0,0,0,0,2000000,3,4,216,Q3 - Large,0
0,0,0,0,0,1,0,0,0,0,0,0,0,0,0,0,0,0,0,0,900000,3,3,138,Q2 - Medium,0
0,0,0,0,0,1,0,0,0,0,0,0,0,0,0,0,0,0,0,0,1490000,3,2,133,Q2 - Medium,0
0,0,0,0,0,1,0,0,0,0,0,0,0,0,0,0,0,0,0,0,1680000,3,3,150,Q2 - Medium,0
0,0,0,0,0,1,0,0,0,0,0,0,0,0,0,0,0,0,0,0,1450000,3,3,223,Q3 - Large,0
0,0,0,0,0,1,0,0,0,0,0,0,0,0,0,0,0,0,0,0,1950000,3,5,236,Q3 - Large,0
0,0,0,0,0,1,0,0,0,0,0,0,0,0,0,0,0,0,0,0,1380000,2,4,145,Q2 - Medium,0
0,0,0,0,0,1,0,0,0,0,0,0,0,0,0,0,0,0,0,0,2200000,3,4,257,Q3 - Large,0
0,0,0,0,0,1,0,0,0,0,0,0,0,0,0,0,0,0,0,0,715000,1,2,117,Q2 - Medium,0
0,0,0,0,0,1,0,0,0,0,0,0,0,0,0,0,0,0,0,0,1190000,2,3,135,Q2 - Medium,0
0,0,0,0,0,1,0,0,0,0,0,0,0,0,0,0,0,0,0,0,1700000,4,4,232,Q3 - Large,0
0,0,0,0,0,1,0,0,0,0,0,0,0,0,0,0,0,0,0,0,1800000,4,3,150,Q2 - Medium,0
0,0,0,0,0,1,0,0,0,0,0,0,0,0,0,0,0,0,0,0,1980000,3,3,236,Q3 - Large,0
0,0,0,0,0,1,0,0,0,0,0,0,0,0,0,0,0,0,0,0,2450000,4,5,277,Q4 - Very Large,0
0,0,0,0,0,1,0,0,0,0,0,0,0,0,0,0,0,0,0,0,2300000,3,4,242,Q3 - Large,0
0,0,0,0,0,1,0,0,0,0,0,0,0,0,0,0,0,0,0,0,1580000,3,3,182,Q3 - Large,0
0,0,0,0,0,1,0,0,0,0,0,0,0,0,0,0,0,0,0,0,780000,2,2,74,Q1 - Small,0
0,0,0,0,0,1,0,0,0,0,0,0,0,0,0,0,0,0,0,0,1150000,3,3,152,Q2 - Medium,0
0,0,0,0,0,1,0,0,0,0,0,0,0,0,0,0,0,0,0,0,1705000,3,3,138,Q2 - Medium,0
0,0,0,0,0,1,0,0,0,0,0,0,0,0,0,0,0,0,0,0,680000,1,2,92,Q1 - Small,0
0,0,0,0,0,1,0,0,0,0,0,0,0,0,0,0,0,0,0,0,5900000,4,4,277,Q4 - Very Large,0
0,0,0,0,0,1,0,0,0,0,0,0,0,0,0,0,0,0,0,0,1250000,3,4,182,Q3 - Large,0
0,0,0,0,0,1,0,0,0,0,0,0,0,0,0,0,0,0,0,0,3950000,5,4,290,Q4 - Very Large,0
0,0,0,0,0,1,0,0,0,0,0,0,0,0,0,0,0,0,0,0,899000,2,3,177,Q3 - Large,0
0,0,0,0,0,1,0,0,0,0,0,0,0,0,0,0,0,0,0,0,799000,2,2,75,Q1 - Small,0
0,0,0,0,0,1,0,0,0,0,0,0,0,0,0,0,0,0,0,0,1490000,3,3,144,Q2 - Medium,0
0,0,0,0,0,1,0,0,0,0,0,0,0,0,0,0,0,0,0,0,698000,2,2,108,Q2 - Medium,0
0,0,0,0,0,1,0,0,0,0,0,0,0,0,0,0,0,0,0,0,1170000,2,2,117,Q2 - Medium,0
0,0,0,0,0,1,0,0,0,0,0,0,0,0,0,0,0,0,0,0,780000,2,2,74,Q1 - Small,0
0,0,0,0,0,1,0,0,0,0,0,0,0,0,0,0,0,0,0,0,895000,2,3,101,Q1 - Small,0
0,0,0,0,0,1,0,0,0,0,0,0,0,0,0,0,0,0,0,0,1250000,4,5,276,Q4 - Very Large,0
0,0,0,0,0,1,0,0,0,0,0,0,0,0,0,0,0,0,0,0,1995000,3,3,174,Q3 - Large,0
0,0,0,0,0,1,0,0,0,0,0,0,0,0,0,0,0,0,0,0,1320000,2,3,140,Q2 - Medium,0
0,0,0,0,0,1,0,0,0,0,0,0,0,0,0,0,0,0,0,0,3490000,3,5,383,Q4 - Very Large,0
0,0,0,0,0,1,0,0,0,0,0,0,0,0,0,0,0,0,0,0,720000,1,2,73,Q1 - Small,0
0,0,0,0,0,1,0,0,0,0,0,0,0,0,0,0,0,0,0,0,698000,2,2,108,Q2 - Medium,0
0,0,0,0,0,1,0,0,0,0,0,0,0,0,0,0,0,0,0,0,3950000,5,4,291,Q4 - Very Large,0
0,0,0,0,0,1,0,0,0,0,0,0,0,0,0,0,0,0,0,0,2500000,4,3,343,Q4 - Very Large,0
0,0,0,0,0,1,0,0,0,0,0,0,0,0,0,0,0,0,0,0,1175000,2,2,118,Q2 - Medium,0
0,0,0,0,0,1,0,0,0,0,0,0,0,0,0,0,0,0,0,0,560000,2,2,84,Q1 - Small,0
0,0,0,0,0,1,0,0,0,0,0,0,0,0,0,0,0,0,0,0,810000,2,3,131,Q2 - Medium,0
0,0,0,0,0,1,0,0,0,0,0,0,0,0,0,0,0,0,0,0,3950000,5,4,291,Q4 - Very Large,0
0,0,0,0,0,1,0,0,0,0,0,0,0,0,0,0,0,0,0,0,1100000,2,3,100,Q1 - Small,0
0,0,0,0,0,1,0,0,0,0,0,0,0,0,0,0,0,0,0,0,1650000,3,3,200,Q3 - Large,0
0,0,0,0,0,1,0,0,0,0,0,0,0,0,0,0,0,0,0,0,1695000,3,3,181,Q3 - Large,0
0,0,0,0,0,1,0,0,0,0,0,0,0,0,0,0,0,0,0,0,725000,2,5,200,Q3 - Large,0
0,0,0,0,0,1,0,0,0,0,0,0,0,0,0,0,0,0,0,0,875000,2,3,101,Q1 - Small,0
0,0,0,0,0,1,0,0,0,0,0,0,0,0,0,0,0,0,0,0,799000,2,2,75,Q1 - Small,0
0,0,0,0,0,1,0,0,0,0,0,0,0,0,0,0,0,0,0,0,2680000,3,3,199,Q3 - Large,0
0,0,0,0,0,1,0,0,0,0,0,0,0,0,0,0,0,0,0,0,2055000,3,2,242,Q3 - Large,0
0,0,0,0,0,1,0,0,0,0,0,0,0,0,0,0,0,0,0,0,1195000,3,6,213,Q3 - Large,0
0,0,0,0,0,1,0,0,0,0,0,0,0,0,0,0,0,0,0,0,1550000,3,3,156,Q2 - Medium,0
0,0,0,0,0,1,0,0,0,0,0,0,0,0,0,0,0,0,0,0,1950000,4,5,240,Q3 - Large,0
0,0,0,0,0,1,0,0,0,0,0,0,0,0,0,0,0,0,0,0,2650000,2,7,272,Q4 - Very Large,0
0,0,0,0,0,1,0,0,0,0,0,0,0,0,0,0,0,0,0,0,1320000,2,3,140,Q2 - Medium,0
0,0,0,0,0,1,0,0,0,0,0,0,0,0,0,0,0,0,0,0,3950000,5,4,291,Q4 - Very Large,0
0,0,0,0,0,0,1,0,0,0,0,0,0,0,0,0,0,0,0,0,325000,1,2,76,Q1 - Small,0
0,0,0,0,0,0,0,1,0,0,0,0,0,0,0,0,0,0,0,0,995000,3,3,160,Q3 - Large,1
0,0,0,0,0,0,0,1,0,0,0,0,0,0,0,0,0,0,0,0,1970000,4,4,283,Q4 - Very Large,0
0,0,0,0,0,0,0,1,0,0,0,0,0,0,0,0,0,0,0,0,1100000,3,3,160,Q3 - Large,1
0,0,0,0,0,0,0,1,0,0,0,0,0,0,0,0,0,0,0,0,3000000,5,4,269,Q4 - Very Large,1
0,0,0,0,0,0,0,1,0,0,0,0,0,0,0,0,0,0,0,0,1100000,3,5,199,Q3 - Large,0
0,0,0,0,0,0,0,1,0,0,0,0,0,0,0,0,0,0,0,0,790000,3,3,137,Q2 - Medium,0
0,0,0,0,0,0,0,1,0,0,0,0,0,0,0,0,0,0,0,0,1450000,4,4,258,Q3 - Large,0
0,0,0,0,0,0,0,1,0,0,0,0,0,0,0,0,0,0,0,0,1160000,3,5,202,Q3 - Large,0
0,0,0,0,0,0,1,0,0,0,0,0,0,0,0,0,0,0,0,0,450000,2,3,105,Q2 - Medium,0
0,0,0,0,0,0,1,0,0,0,0,0,0,0,0,0,0,0,0,0,279000,1,2,70,Q1 - Small,0
0,0,0,0,0,0,1,0,0,0,0,0,0,0,0,0,0,0,0,0,339000,2,3,87,Q1 - Small,0
0,0,0,0,0,0,1,0,0,0,0,0,0,0,0,0,0,0,0,0,300000,1,1,75,Q1 - Small,0
0,0,0,0,0,0,0,0,1,0,0,0,0,0,0,0,0,0,0,0,230000,2,3,98,Q1 - Small,0
0,0,0,0,0,0,0,0,0,1,0,0,0,0,0,0,0,0,0,0,265000,2,2,97,Q1 - Small,0
0,0,0,0,0,0,0,0,0,0,1,0,0,0,0,0,0,0,0,0,388000,2,4,144,Q2 - Medium,0
0,0,0,0,0,0,0,0,0,0,0,1,0,0,0,0,0,0,0,0,420000,2,3,73,Q1 - Small,0
0,0,0,0,0,0,0,0,0,0,0,1,0,0,0,0,0,0,0,0,1900000,4,7,370,Q4 - Very Large,1
0,0,0,0,0,0,0,0,0,0,0,1,0,0,0,0,0,0,0,0,210000,1,0,51,Q1 - Small,0
0,0,0,0,0,0,0,0,0,0,0,1,0,0,0,0,0,0,0,0,1900000,4,6,372,Q4 - Very Large,1
0,0,1,0,0,0,0,0,0,0,0,0,0,0,0,0,0,0,0,0,1950000,7,8,660,Q4 - Very Large,1
0,0,0,0,1,0,0,0,0,0,0,0,0,0,0,0,0,0,0,0,485000,2,3,180,Q3 - Large,0
0,0,0,0,0,1,0,0,0,0,0,0,0,0,0,0,0,0,0,0,1995000,3,3,170,Q3 - Large,0
0,0,0,0,0,1,0,0,0,0,0,0,0,0,0,0,0,0,0,0,3900000,5,5,284,Q4 - Very Large,0
0,0,0,0,0,1,0,0,0,0,0,0,0,0,0,0,0,0,0,0,7900000,5,4,473,Q4 - Very Large,0
0,0,0,0,0,1,0,0,0,0,0,0,0,0,0,0,0,0,0,0,1400000,4,3,125,Q2 - Medium,0
0,0,0,0,0,1,0,0,0,0,0,0,0,0,0,0,0,0,0,0,2990000,3,4,275,Q4 - Very Large,0
0,0,0,0,0,1,0,0,0,0,0,0,0,0,0,0,0,0,0,0,485000,1,1,48,Q1 - Small,0
0,0,0,0,0,1,0,0,0,0,0,0,0,0,0,0,0,0,0,0,4300000,3,10,451,Q4 - Very Large,0
0,0,0,0,0,1,0,0,0,0,0,0,0,0,0,0,0,0,0,0,3900000,5,5,284,Q4 - Very Large,0
0,0,0,0,0,1,0,0,0,0,0,0,0,0,0,0,0,0,0,0,1670000,3,4,158,Q2 - Medium,0
0,0,0,0,0,1,0,0,0,0,0,0,0,0,0,0,0,0,0,0,1400000,4,3,125,Q2 - Medium,0
0,0,0,0,0,1,0,0,0,0,0,0,0,0,0,0,0,0,0,0,879000,2,2,76,Q1 - Small,0
0,0,0,0,0,1,0,0,0,0,0,0,0,0,0,0,0,0,0,0,1500000,3,4,173,Q3 - Large,0
0,0,0,0,0,1,0,0,0,0,0,0,0,0,0,0,0,0,0,0,1320000,2,3,140,Q2 - Medium,0
0,0,0,0,0,1,0,0,0,0,0,0,0,0,0,0,0,0,0,0,2950000,3,4,350,Q4 - Very Large,0
0,0,0,0,0,1,0,0,0,0,0,0,0,0,0,0,0,0,0,0,1680000,4,3,214,Q3 - Large,0
0,0,0,0,0,1,0,0,0,0,0,0,0,0,0,0,0,0,0,0,960000,2,4,150,Q2 - Medium,0
0,0,0,0,0,1,0,0,0,0,0,0,0,0,0,0,0,0,0,0,780000,1,2,74,Q1 - Small,0
0,0,0,0,0,1,0,0,0,0,0,0,0,0,0,0,0,0,0,0,1680000,3,3,214,Q3 - Large,0
0,0,0,0,0,0,0,1,0,0,0,0,0,0,0,0,0,0,0,0,442327,2,0,91,Q1 - Small,0
0,0,0,0,0,0,0,1,0,0,0,0,0,0,0,0,0,0,0,0,999500,3,5,193,Q3 - Large,0
0,0,0,0,0,0,0,1,0,0,0,0,0,0,0,0,0,0,0,0,1330000,3,5,238,Q3 - Large,0
0,0,0,0,0,0,0,1,0,0,0,0,0,0,0,0,0,0,0,0,1200000,2,3,243,Q3 - Large,0
0,0,0,0,0,0,0,0,0,0,0,0,1,0,0,0,0,0,0,0,780000,2,2,117,Q2 - Medium,0
0,0,0,0,0,0,0,0,0,0,0,0,1,0,0,0,0,0,0,0,1950000,4,3,175,Q3 - Large,0
0,0,0,0,0,0,0,0,0,0,0,0,1,0,0,0,0,0,0,0,750000,2,4,146,Q2 - Medium,0
0,0,0,0,0,0,0,0,0,0,0,0,1,0,0,0,0,0,0,0,529900,1,2,88,Q1 - Small,0
0,0,0,0,0,0,0,0,0,0,0,0,1,0,0,0,0,0,0,0,695000,2,2,141,Q2 - Medium,0
0,0,0,0,0,0,0,0,0,0,0,0,1,0,0,0,0,0,0,0,2575000,4,4,215,Q3 - Large,0
0,0,0,0,0,0,0,0,0,0,0,0,1,0,0,0,0,0,0,0,993000,2,4,165,Q3 - Large,0
0,0,0,0,0,0,0,0,0,0,0,0,1,0,0,0,0,0,0,0,515000,1,2,78,Q1 - Small,0
0,0,0,0,0,0,0,0,0,0,0,0,1,0,0,0,0,0,0,0,1200000,2,4,174,Q3 - Large,0
0,0,0,0,0,0,0,0,0,0,0,0,1,0,0,0,0,0,0,0,1200000,2,3,140,Q2 - Medium,0
0,0,0,0,0,0,0,0,0,0,0,0,1,0,0,0,0,0,0,0,2100000,3,3,315,Q4 - Very Large,0
0,0,0,0,0,0,0,0,0,0,0,0,1,0,0,0,0,0,0,0,680000,1,2,99,Q1 - Small,0
0,0,0,0,0,0,0,0,0,0,0,0,1,0,0,0,0,0,0,0,550000,2,2,88,Q1 - Small,0
0,0,0,0,0,0,0,0,0,0,0,0,1,0,0,0,0,0,0,0,529900,1,2,88,Q1 - Small,0
0,0,0,0,0,0,0,0,0,0,0,0,1,0,0,0,0,0,0,0,720000,2,2,87,Q1 - Small,0
0,0,0,0,0,0,0,0,0,0,0,0,1,0,0,0,0,0,0,0,1575000,2,2,189,Q3 - Large,0
0,0,0,0,0,0,0,0,0,0,0,0,1,0,0,0,0,0,0,0,1550000,2,7,272,Q4 - Very Large,0
0,0,0,0,0,0,0,0,0,0,0,0,1,0,0,0,0,0,0,0,790000,1,1,62,Q1 - Small,0
0,0,0,0,0,0,0,0,0,0,0,0,1,0,0,0,0,0,0,0,3600000,4,5,360,Q4 - Very Large,0
0,0,0,0,0,0,0,0,0,0,0,0,1,0,0,0,0,0,0,0,345000,1,1,55,Q1 - Small,0
0,0,0,0,0,0,0,0,0,0,0,0,1,0,0,0,0,0,0,0,260000,1,1,60,Q1 - Small,0
0,0,0,0,0,0,0,0,0,0,0,0,1,0,0,0,0,0,0,0,690000,2,3,113,Q2 - Medium,0
0,0,0,0,0,0,0,0,0,0,0,0,1,0,0,0,0,0,0,0,309000,1,1,45,Q1 - Small,0
0,0,0,0,0,0,0,0,0,0,0,0,1,0,0,0,0,0,0,0,1175000,3,4,171,Q3 - Large,0
0,0,0,0,0,0,0,0,0,0,0,0,1,0,0,0,0,0,0,0,1575000,2,2,209,Q3 - Large,0
0,0,0,0,0,0,0,0,0,0,0,0,1,0,0,0,0,0,0,0,859000,3,3,115,Q2 - Medium,0
0,0,0,0,0,0,0,0,0,0,0,0,1,0,0,0,0,0,0,0,598000,1,3,112,Q2 - Medium,0
0,0,0,0,0,0,0,0,0,0,0,0,1,0,0,0,0,0,0,0,520000,3,2,111,Q2 - Medium,0
0,0,0,0,0,0,0,0,0,0,0,0,1,0,0,0,0,0,0,0,1720000,5,4,221,Q3 - Large,0
0,0,0,0,0,0,0,0,0,0,0,0,1,0,0,0,0,0,0,0,2290000,4,3,184,Q3 - Large,0
0,0,0,0,0,0,0,0,0,0,0,0,1,0,0,0,0,0,0,0,890000,3,3,118,Q2 - Medium,0
0,0,0,0,0,0,0,0,0,0,0,0,1,0,0,0,0,0,0,0,1385000,2,2,166,Q3 - Large,0
0,0,0,0,0,0,0,0,0,0,0,0,1,0,0,0,0,0,0,0,1760000,2,3,145,Q2 - Medium,0
0,0,0,0,0,0,0,0,0,0,0,0,1,0,0,0,0,0,0,0,859000,2,3,133,Q2 - Medium,0
0,0,0,0,0,0,0,0,0,0,0,0,1,0,0,0,0,0,0,0,900000,2,4,173,Q3 - Large,0
0,0,0,0,0,0,0,0,0,0,0,0,1,0,0,0,0,0,0,0,1100000,2,2,160,Q3 - Large,0
0,0,0,0,0,0,0,0,0,0,0,0,1,0,0,0,0,0,0,0,859000,3,3,133,Q2 - Medium,0
0,0,0,0,0,0,0,0,0,0,0,0,1,0,0,0,0,0,0,0,1690000,2,3,133,Q2 - Medium,0
0,0,0,0,0,0,0,0,0,0,0,0,1,0,0,0,0,0,0,0,495000,1,1,98,Q1 - Small,0
0,0,0,0,0,0,0,0,0,0,0,0,1,0,0,0,0,0,0,0,2600000,4,3,382,Q4 - Very Large,0
0,0,0,0,0,0,0,0,0,0,0,0,1,0,0,0,0,0,0,0,640000,2,2,100,Q1 - Small,0
0,0,0,0,0,0,0,0,0,0,0,0,1,0,0,0,0,0,0,0,580000,1,4,139,Q2 - Medium,0
0,0,0,0,0,0,0,0,0,0,0,0,1,0,0,0,0,0,0,0,829000,3,3,102,Q1 - Small,0
0,0,0,0,0,0,0,0,0,0,0,0,1,0,0,0,0,0,0,0,1145000,2,4,224,Q3 - Large,0
0,0,0,0,0,0,0,0,0,0,0,0,1,0,0,0,0,0,0,0,1175000,3,3,165,Q3 - Large,0
0,0,0,0,0,0,0,0,0,0,0,0,1,0,0,0,0,0,0,0,859000,2,2,88,Q1 - Small,0
0,0,0,0,0,0,0,0,0,0,0,0,1,0,0,0,0,0,0,0,500000,2,2,99,Q1 - Small,0
0,0,0,0,0,0,0,1,0,0,0,0,0,0,0,0,0,0,0,0,1650000,3,3,248,Q3 - Large,0
0,0,0,0,0,0,0,1,0,0,0,0,0,0,0,0,0,0,0,0,950000,3,3,154,Q2 - Medium,0
0,0,0,0,0,0,0,1,0,0,0,0,0,0,0,0,0,0,0,0,1500000,2,2,168,Q3 - Large,0
0,0,0,0,0,0,0,1,0,0,0,0,0,0,0,0,0,0,0,0,2100000,7,6,334,Q4 - Very Large,1
0,0,0,0,0,0,0,1,0,0,0,0,0,0,0,0,0,0,0,0,575000,2,3,105,Q2 - Medium,0
0,0,0,0,0,0,0,1,0,0,0,0,0,0,0,0,0,0,0,0,3200000,5,7,410,Q4 - Very Large,1
0,0,0,0,0,0,0,1,0,0,0,0,0,0,0,0,0,0,0,0,2300000,5,5,265,Q4 - Very Large,0
0,0,0,0,0,0,0,1,0,0,0,0,0,0,0,0,0,0,0,0,1420000,2,4,185,Q3 - Large,1
0,0,0,0,0,0,0,1,0,0,0,0,0,0,0,0,0,0,0,0,1800000,6,5,440,Q4 - Very Large,0
0,0,0,0,0,0,0,1,0,0,0,0,0,0,0,0,0,0,0,0,1850000,3,4,297,Q4 - Very Large,0
0,0,0,0,0,0,0,1,0,0,0,0,0,0,0,0,0,0,0,0,1850000,3,4,297,Q4 - Very Large,0
0,0,0,0,0,0,0,1,0,0,0,0,0,0,0,0,0,0,0,0,1290000,3,5,166,Q3 - Large,0
0,0,0,0,0,0,0,1,0,0,0,0,0,0,0,0,0,0,0,0,1375000,3,4,247,Q3 - Large,0
0,0,0,0,0,0,0,1,0,0,0,0,0,0,0,0,0,0,0,0,1690000,4,5,252,Q3 - Large,0
0,0,0,0,0,0,0,1,0,0,0,0,0,0,0,0,0,0,0,0,2100000,3,5,392,Q4 - Very Large,0
0,0,0,0,0,0,0,1,0,0,0,0,0,0,0,0,0,0,0,0,2200000,3,4,235,Q3 - Large,0
0,0,0,0,0,0,0,1,0,0,0,0,0,0,0,0,0,0,0,0,1400000,3,4,173,Q3 - Large,0
0,0,0,0,0,0,0,1,0,0,0,0,0,0,0,0,0,0,0,0,1490000,4,5,240,Q3 - Large,0
0,0,0,0,0,0,0,1,0,0,0,0,0,0,0,0,0,0,0,0,2750000,5,6,300,Q4 - Very Large,1
0,0,0,0,0,0,0,1,0,0,0,0,0,0,0,0,0,0,0,0,370000,1,3,56,Q1 - Small,0
0,0,0,0,0,0,0,1,0,0,0,0,0,0,0,0,0,0,0,0,475000,2,4,100,Q1 - Small,0
0,0,0,0,0,0,0,1,0,0,0,0,0,0,0,0,0,0,0,0,1445000,3,3,263,Q3 - Large,0
0,0,0,0,0,0,0,1,0,0,0,0,0,0,0,0,0,0,0,0,350000,1,1,79,Q1 - Small,0
0,0,0,0,0,0,0,1,0,0,0,0,0,0,0,0,0,0,0,0,1650000,2,2,181,Q3 - Large,0
0,0,0,0,0,0,0,1,0,0,0,0,0,0,0,0,0,0,0,0,3700000,5,6,430,Q4 - Very Large,1
0,0,0,0,0,0,0,1,0,0,0,0,0,0,0,0,0,0,0,0,2300000,5,5,256,Q3 - Large,0
0,0,0,0,0,0,0,1,0,0,0,0,0,0,0,0,0,0,0,0,1330000,3,5,234,Q3 - Large,0
0,0,0,0,0,0,0,1,0,0,0,0,0,0,0,0,0,0,0,0,3200000,4,7,573,Q4 - Very Large,1
0,0,0,0,0,0,0,1,0,0,0,0,0,0,0,0,0,0,0,0,2490000,4,4,593,Q4 - Very Large,0
0,0,0,0,0,0,0,1,0,0,0,0,0,0,0,0,0,0,0,0,2500000,4,7,212,Q3 - Large,1
0,0,0,0,0,0,0,1,0,0,0,0,0,0,0,0,0,0,0,0,1820000,3,5,380,Q4 - Very Large,0
0,0,0,0,0,0,0,1,0,0,0,0,0,0,0,0,0,0,0,0,420000,1,1,57,Q1 - Small,0
0,0,0,0,0,0,0,1,0,0,0,0,0,0,0,0,0,0,0,0,1445000,3,3,263,Q3 - Large,0
0,0,0,0,0,0,0,1,0,0,0,0,0,0,0,0,0,0,0,0,3200000,7,7,573,Q4 - Very Large,1
0,0,0,0,0,0,0,1,0,0,0,0,0,0,0,0,0,0,0,0,1200000,3,4,168,Q3 - Large,0
0,0,0,0,0,0,0,1,0,0,0,0,0,0,0,0,0,0,0,0,3000000,4,4,269,Q4 - Very Large,1
0,0,0,0,0,0,0,1,0,0,0,0,0,0,0,0,0,0,0,0,3600000,6,5,376,Q4 - Very Large,1
0,0,0,0,0,0,0,1,0,0,0,0,0,0,0,0,0,0,0,0,1700000,3,3,124,Q2 - Medium,1
0,0,0,0,0,0,0,1,0,0,0,0,0,0,0,0,0,0,0,0,1750000,3,4,200,Q3 - Large,0
0,0,0,0,0,0,0,1,0,0,0,0,0,0,0,0,0,0,0,0,3500000,6,5,325,Q4 - Very Large,1
0,0,0,0,0,0,0,1,0,0,0,0,0,0,0,0,0,0,0,0,4750000,6,5,440,Q4 - Very Large,1
0,0,0,0,0,0,0,1,0,0,0,0,0,0,0,0,0,0,0,0,1420000,3,5,185,Q3 - Large,1
0,0,0,0,0,0,0,1,0,0,0,0,0,0,0,0,0,0,0,0,1400000,3,4,174,Q3 - Large,0
0,0,0,0,0,0,0,1,0,0,0,0,0,0,0,0,0,0,0,0,1670000,5,4,165,Q3 - Large,0
0,0,0,0,0,0,0,1,0,0,0,0,0,0,0,0,0,0,0,0,1650000,2,4,211,Q3 - Large,0
0,0,0,0,0,0,0,1,0,0,0,0,0,0,0,0,0,0,0,0,1495000,3,4,264,Q3 - Large,0
0,0,0,0,0,0,0,1,0,0,0,0,0,0,0,0,0,0,0,0,730000,2,2,125,Q2 - Medium,0
0,0,0,0,0,0,0,1,0,0,0,0,0,0,0,0,0,0,0,0,1430000,3,3,164,Q3 - Large,0
0,0,0,0,0,0,0,1,0,0,0,0,0,0,0,0,0,0,0,0,630000,3,3,132,Q2 - Medium,0
0,0,0,0,0,0,0,1,0,0,0,0,0,0,0,0,0,0,0,0,790000,3,3,137,Q2 - Medium,0
0,0,0,0,0,0,0,1,0,0,0,0,0,0,0,0,0,0,0,0,830000,3,4,155,Q2 - Medium,0
0,0,0,0,0,0,0,1,0,0,0,0,0,0,0,0,0,0,0,0,1495000,3,3,188,Q3 - Large,0
0,0,0,0,0,0,0,1,0,0,0,0,0,0,0,0,0,0,0,0,560000,1,1,88,Q1 - Small,0
0,0,0,0,0,0,0,1,0,0,0,0,0,0,0,0,0,0,0,0,3300000,4,6,399,Q4 - Very Large,0
0,1,0,0,0,0,0,0,0,0,0,0,0,0,0,0,0,0,0,0,1075000,3,3,169,Q3 - Large,0
0,1,0,0,0,0,0,0,0,0,0,0,0,0,0,0,0,0,0,0,850000,1,4,139,Q2 - Medium,0
0,1,0,0,0,0,0,0,0,0,0,0,0,0,0,0,0,0,0,0,1900000,4,3,193,Q3 - Large,0
0,1,0,0,0,0,0,0,0,0,0,0,0,0,0,0,0,0,0,0,1710000,4,3,206,Q3 - Large,0
0,1,0,0,0,0,0,0,0,0,0,0,0,0,0,0,0,0,0,0,1300000,3,4,257,Q3 - Large,0
0,1,0,0,0,0,0,0,0,0,0,0,0,0,0,0,0,0,0,0,795000,2,3,138,Q2 - Medium,0
0,1,0,0,0,0,0,0,0,0,0,0,0,0,0,0,0,0,0,0,799000,3,6,143,Q2 - Medium,0
0,1,0,0,0,0,0,0,0,0,0,0,0,0,0,0,0,0,0,0,950000,2,4,157,Q2 - Medium,0
0,1,0,0,0,0,0,0,0,0,0,0,0,0,0,0,0,0,0,0,945000,2,3,159,Q3 - Large,0
0,1,0,0,0,0,0,0,0,0,0,0,0,0,0,0,0,0,0,0,850000,2,3,128,Q2 - Medium,0
0,1,0,0,0,0,0,0,0,0,0,0,0,0,0,0,0,0,0,0,1530000,2,2,133,Q2 - Medium,0
0,1,0,0,0,0,0,0,0,0,0,0,0,0,0,0,0,0,0,0,945000,2,3,159,Q3 - Large,0
0,1,0,0,0,0,0,0,0,0,0,0,0,0,0,0,0,0,0,0,390000,1,0,64,Q1 - Small,0
0,1,0,0,0,0,0,0,0,0,0,0,0,0,0,0,0,0,0,0,850000,2,2,115,Q2 - Medium,0
0,1,0,0,0,0,0,0,0,0,0,0,0,0,0,0,0,0,0,0,380000,2,2,50,Q1 - Small,0
0,1,0,0,0,0,0,0,0,0,0,0,0,0,0,0,0,0,0,0,649000,1,2,73,Q1 - Small,0
0,1,0,0,0,0,0,0,0,0,0,0,0,0,0,0,0,0,0,0,865000,2,2,104,Q1 - Small,0
0,1,0,0,0,0,0,0,0,0,0,0,0,0,0,0,0,0,0,0,700000,1,3,103,Q1 - Small,0
0,1,0,0,0,0,0,0,0,0,0,0,0,0,0,0,0,0,0,0,1440000,3,5,277,Q4 - Very Large,0
0,1,0,0,0,0,0,0,0,0,0,0,0,0,0,0,0,0,0,0,3700000,4,5,407,Q4 - Very Large,0
0,1,0,0,0,0,0,0,0,0,0,0,0,0,0,0,0,0,0,0,865000,2,2,127,Q2 - Medium,0
0,1,0,0,0,0,0,0,0,0,0,0,0,0,0,0,0,0,0,0,1400000,3,2,138,Q2 - Medium,0
0,1,0,0,0,0,0,0,0,0,0,0,0,0,0,0,0,0,0,0,3100000,4,4,395,Q4 - Very Large,0
0,1,0,0,0,0,0,0,0,0,0,0,0,0,0,0,0,0,0,0,2500000,4,5,314,Q4 - Very Large,0
0,1,0,0,0,0,0,0,0,0,0,0,0,0,0,0,0,0,0,0,990000,1,2,104,Q1 - Small,0
0,1,0,0,0,0,0,0,0,0,0,0,0,0,0,0,0,0,0,0,2250000,3,4,256,Q3 - Large,0
0,1,0,0,0,0,0,0,0,0,0,0,0,0,0,0,0,0,0,0,720000,2,4,143,Q2 - Medium,0
0,1,0,0,0,0,0,0,0,0,0,0,0,0,0,0,0,0,0,0,4500000,4,7,524,Q4 - Very Large,0
0,1,0,0,0,0,0,0,0,0,0,0,0,0,0,0,0,0,0,0,4200000,3,5,457,Q4 - Very Large,0
0,1,0,0,0,0,0,0,0,0,0,0,0,0,0,0,0,0,0,0,2600000,4,4,214,Q3 - Large,0
0,1,0,0,0,0,0,0,0,0,0,0,0,0,0,0,0,0,0,0,1490000,3,3,142,Q2 - Medium,0
0,1,0,0,0,0,0,0,0,0,0,0,0,0,0,0,0,0,0,0,2945000,3,3,281,Q4 - Very Large,0
0,1,0,0,0,0,0,0,0,0,0,0,0,0,0,0,0,0,0,0,2395000,5,4,264,Q3 - Large,0
0,1,0,0,0,0,0,0,0,0,0,0,0,0,0,0,0,0,0,0,2500000,6,6,307,Q4 - Very Large,0
0,0,0,0,0,0,0,0,0,0,0,0,0,0,0,0,0,0,0,0,310000,1,3,73,Q1 - Small,0
0,0,0,0,0,0,0,0,0,0,0,0,0,0,0,0,0,0,0,0,350000,1,2,76,Q1 - Small,0
0,0,0,0,0,0,0,0,0,0,0,0,1,0,0,0,0,0,0,0,2450000,3,4,261,Q3 - Large,0
0,0,0,0,0,0,0,0,0,0,0,0,1,0,0,0,0,0,0,0,330000,1,2,60,Q1 - Small,0
0,0,0,0,0,0,0,0,0,0,0,0,1,0,0,0,0,0,0,0,780000,2,2,57,Q1 - Small,0
0,0,0,0,0,0,0,0,0,0,0,0,1,0,0,0,0,0,0,0,789000,3,3,107,Q2 - Medium,0
0,0,0,0,0,0,0,0,0,0,0,0,1,0,0,0,0,0,0,0,199000,1,1,14,Q1 - Small,0
0,0,0,0,0,0,0,0,0,0,0,0,1,0,0,0,0,0,0,0,789000,3,3,100,Q1 - Small,0
0,0,0,0,0,0,0,0,0,0,0,0,1,0,0,0,0,0,0,0,250000,1,1,40,Q1 - Small,0
0,0,0,0,0,0,0,0,0,0,0,0,1,0,0,0,0,0,0,0,2290000,3,3,184,Q3 - Large,0
0,0,0,0,0,0,0,0,0,0,0,0,1,0,0,0,0,0,0,0,1760000,3,3,145,Q2 - Medium,0
0,0,0,0,0,0,0,0,0,0,0,0,1,0,0,0,0,0,0,0,299000,1,1,41,Q1 - Small,0
0,0,0,0,0,0,0,0,0,0,0,0,1,0,0,0,0,0,0,0,404000,1,1,67,Q1 - Small,0
0,0,0,0,0,0,0,0,0,0,0,0,1,0,0,0,0,0,0,0,2190000,3,3,209,Q3 - Large,0
0,0,0,0,0,0,0,0,0,0,0,0,1,0,0,0,0,0,0,0,999000,3,3,104,Q1 - Small,0
0,0,0,0,0,0,0,0,0,0,0,0,1,0,0,0,0,0,0,0,789000,3,3,107,Q2 - Medium,0
0,0,0,0,0,0,0,0,0,0,0,0,1,0,0,0,0,0,0,0,750000,2,2,127,Q2 - Medium,0
0,0,0,0,0,0,0,0,0,0,0,0,1,0,0,0,0,0,0,0,849000,3,3,111,Q2 - Medium,0
0,0,0,0,0,0,0,0,0,0,0,0,1,0,0,0,0,0,0,0,1499000,4,3,196,Q3 - Large,0
0,0,0,0,0,0,0,0,0,0,0,0,1,0,0,0,0,0,0,0,695000,2,3,135,Q2 - Medium,0
0,0,0,0,0,0,0,0,0,0,0,0,1,0,0,0,0,0,0,0,1250000,2,2,150,Q2 - Medium,0
0,0,0,0,0,0,0,1,0,0,0,0,0,0,0,0,0,0,0,0,1990000,5,4,242,Q3 - Large,1
0,0,0,0,0,0,0,1,0,0,0,0,0,0,0,0,0,0,0,0,2580000,4,3,300,Q4 - Very Large,1
0,0,0,0,0,0,0,1,0,0,0,0,0,0,0,0,0,0,0,0,345000,1,2,50,Q1 - Small,0
0,0,0,0,0,0,0,0,0,0,0,0,0,1,0,0,0,0,0,0,1080000,2,4,200,Q3 - Large,0
0,0,0,0,0,0,0,0,0,0,0,0,0,1,0,0,0,0,0,0,233000,1,1,40,Q1 - Small,0
0,0,0,0,0,0,0,0,0,0,0,0,0,1,0,0,0,0,0,0,850000,2,3,135,Q2 - Medium,0
0,0,0,0,0,0,0,0,0,0,0,0,0,1,0,0,0,0,0,0,350000,2,4,116,Q2 - Medium,0
0,0,0,0,0,0,0,0,0,0,0,0,0,1,0,0,0,0,0,0,799000,4,5,180,Q3 - Large,1
0,0,0,0,0,0,0,0,0,0,0,0,0,1,0,0,0,0,0,0,920000,4,5,217,Q3 - Large,0
0,0,0,0,0,0,0,0,0,0,0,0,0,1,0,0,0,0,0,0,1150000,2,4,244,Q3 - Large,0
0,0,0,0,0,0,0,0,0,0,0,0,0,1,0,0,0,0,0,0,990000,4,6,293,Q4 - Very Large,0
0,0,0,0,0,0,0,0,0,0,0,0,0,1,0,0,0,0,0,0,500000,1,1,78,Q1 - Small,0
0,0,0,0,0,0,0,0,0,0,0,0,0,1,0,0,0,0,0,0,950000,2,3,150,Q2 - Medium,0
0,0,0,0,0,0,0,0,0,0,0,0,0,1,0,0,0,0,0,0,1400000,4,7,413,Q4 - Very Large,0
0,0,0,0,0,0,0,0,0,0,0,0,0,1,0,0,0,0,0,0,1290000,4,5,390,Q4 - Very Large,0
0,0,0,0,0,0,0,0,0,0,0,0,0,1,0,0,0,0,0,0,920000,4,5,217,Q3 - Large,0
0,0,0,0,0,0,0,0,0,0,0,0,0,1,0,0,0,0,0,0,850000,2,3,164,Q3 - Large,0
0,0,0,0,0,0,0,0,0,0,0,0,0,1,0,0,0,0,0,0,1050000,3,4,191,Q3 - Large,0
0,0,0,0,0,0,0,0,0,0,0,0,0,1,0,0,0,0,0,0,970000,4,4,287,Q4 - Very Large,1
0,0,0,0,0,0,0,0,0,0,0,0,0,1,0,0,0,0,0,0,1348000,4,6,427,Q4 - Very Large,0
0,0,0,0,0,0,0,0,0,0,0,0,0,1,0,0,0,0,0,0,730000,3,4,158,Q2 - Medium,0
0,0,0,0,0,0,0,0,0,0,0,0,0,1,0,0,0,0,0,0,1450000,4,5,320,Q4 - Very Large,0
0,0,0,0,0,0,0,0,0,0,0,0,0,1,0,0,0,0,0,0,850000,3,5,184,Q3 - Large,0
0,0,0,0,0,0,0,0,0,0,0,0,0,1,0,0,0,0,0,0,1200000,4,5,375,Q4 - Very Large,0
0,0,0,0,0,0,0,0,0,0,0,0,0,1,0,0,0,0,0,0,990000,4,6,293,Q4 - Very Large,0
0,0,0,1,0,0,0,0,0,0,0,0,0,0,0,0,0,0,0,0,3550000,9,8,720,Q4 - Very Large,1
0,0,0,1,0,0,0,0,0,0,0,0,0,0,0,0,0,0,0,0,870000,2,3,177,Q3 - Large,1
0,0,0,1,0,0,0,0,0,0,0,0,0,0,0,0,0,0,0,0,1095000,3,4,270,Q4 - Very Large,0
0,0,0,1,0,0,0,0,0,0,0,0,0,0,0,0,0,0,0,0,1450000,4,5,258,Q3 - Large,0
0,0,0,1,0,0,0,0,0,0,0,0,0,0,0,0,0,0,0,0,2100000,5,8,694,Q4 - Very Large,1
0,0,0,1,0,0,0,0,0,0,0,0,0,0,0,0,0,0,0,0,369000,1,1,61,Q1 - Small,0
0,0,0,1,0,0,0,0,0,0,0,0,0,0,0,0,0,0,0,0,1700000,6,6,540,Q4 - Very Large,1
0,0,0,1,0,0,0,0,0,0,0,0,0,0,0,0,0,0,0,0,2990000,7,5,728,Q4 - Very Large,1
0,0,0,0,0,0,0,0,0,0,0,0,0,1,0,0,0,0,0,0,850000,2,3,131,Q2 - Medium,0
0,0,0,0,0,0,0,0,0,0,0,0,0,1,0,0,0,0,0,0,329900,2,2,80,Q1 - Small,0
0,0,0,0,0,0,0,0,0,0,0,0,0,1,0,0,0,0,0,0,610000,2,2,120,Q2 - Medium,0
0,0,0,0,0,0,0,0,0,0,0,0,0,1,0,0,0,0,0,0,1450000,4,5,320,Q4 - Very Large,0
0,0,0,0,0,0,0,0,0,0,0,0,0,1,0,0,0,0,0,0,329900,2,2,80,Q1 - Small,0
0,0,0,0,0,0,0,0,1,0,0,0,0,0,0,0,0,0,0,0,475000,2,3,112,Q2 - Medium,0
0,0,0,0,0,0,0,0,0,0,0,0,0,1,0,0,0,0,0,0,365900,2,3,105,Q2 - Medium,0
0,0,0,0,0,0,0,0,0,0,0,1,0,0,0,0,0,0,0,0,1650000,5,5,367,Q4 - Very Large,1
0,0,0,0,0,0,0,0,0,0,0,1,0,0,0,0,0,0,0,0,2800000,5,5,452,Q4 - Very Large,1
0,0,0,0,0,0,0,0,0,0,0,1,0,0,0,0,0,0,0,0,1800000,5,6,276,Q4 - Very Large,1
0,0,0,0,0,0,0,0,0,0,0,1,0,0,0,0,0,0,0,0,525000,2,2,107,Q2 - Medium,0
0,0,0,0,0,0,0,0,0,0,0,1,0,0,0,0,0,0,0,0,2690000,8,5,450,Q4 - Very Large,1
0,0,0,0,0,0,0,0,0,0,0,1,0,0,0,0,0,0,0,0,3465000,10,12,1380,Q4 - Very Large,1
0,0,0,0,0,0,0,0,0,0,0,1,0,0,0,0,0,0,0,0,3100000,5,4,750,Q4 - Very Large,1
0,0,0,0,0,0,0,0,0,0,0,1,0,0,0,0,0,0,0,0,1690000,6,6,530,Q4 - Very Large,1
0,0,0,0,0,0,0,0,0,0,0,1,0,0,0,0,0,0,0,0,2150000,6,6,575,Q4 - Very Large,1
0,0,0,0,0,0,0,0,0,0,0,1,0,0,0,0,0,0,0,0,1650000,5,5,360,Q4 - Very Large,1
0,0,0,0,0,0,0,0,0,0,0,0,0,1,0,0,0,0,0,0,460000,1,4,126,Q2 - Medium,0
0,0,0,0,0,0,0,0,0,0,0,0,0,1,0,0,0,0,0,0,595000,2,4,123,Q2 - Medium,0
0,0,0,0,0,0,0,0,0,0,0,0,0,1,0,0,0,0,0,0,1400000,4,7,413,Q4 - Very Large,0
0,0,0,0,0,0,0,0,0,0,0,0,0,1,0,0,0,0,0,0,299000,1,2,76,Q1 - Small,0
0,0,0,0,0,0,1,0,0,0,0,0,0,0,0,0,0,0,0,0,1590000,4,5,360,Q4 - Very Large,0
0,0,0,0,0,0,1,0,0,0,0,0,0,0,0,0,0,0,0,0,599000,2,2,107,Q2 - Medium,0
0,0,0,0,0,0,1,0,0,0,0,0,0,0,0,0,0,0,0,0,475000,1,2,75,Q1 - Small,0
0,0,0,0,0,0,1,0,0,0,0,0,0,0,0,0,0,0,0,0,320000,1,2,66,Q1 - Small,0
0,0,0,0,0,0,1,0,0,0,0,0,0,0,0,0,0,0,0,0,1300000,3,3,165,Q3 - Large,0
0,0,0,0,0,0,1,0,0,0,0,0,0,0,0,0,0,0,0,0,345000,1,2,42,Q1 - Small,0
0,0,0,0,0,0,1,0,0,0,0,0,0,0,0,0,0,0,0,0,379000,1,1,61,Q1 - Small,0
0,0,0,0,0,0,1,0,0,0,0,0,0,0,0,0,0,0,0,0,860000,3,4,191,Q3 - Large,0
0,0,0,0,0,0,1,0,0,0,0,0,0,0,0,0,0,0,0,0,369000,2,2,75,Q1 - Small,0
0,0,0,0,0,0,1,0,0,0,0,0,0,0,0,0,0,0,0,0,950000,3,3,120,Q2 - Medium,0
0,0,0,0,0,0,1,0,0,0,0,0,0,0,0,0,0,0,0,0,1349000,3,3,137,Q2 - Medium,0
0,0,0,0,0,0,1,0,0,0,0,0,0,0,0,0,0,0,0,0,1499000,3,3,187,Q3 - Large,0
0,0,0,0,0,0,1,0,0,0,0,0,0,0,0,0,0,0,0,0,2200000,4,4,279,Q4 - Very Large,0
0,0,0,0,0,0,1,0,0,0,0,0,0,0,0,0,0,0,0,0,1850000,4,5,256,Q3 - Large,0
0,0,0,0,0,0,1,0,0,0,0,0,0,0,0,0,0,0,0,0,950000,3,3,127,Q2 - Medium,0
0,0,0,0,0,0,1,0,0,0,0,0,0,0,0,0,0,0,0,0,1475000,4,5,376,Q4 - Very Large,0
0,0,0,0,0,0,0,0,0,0,0,0,0,0,0,0,0,0,0,0,569000,2,3,104,Q1 - Small,0
0,0,0,0,0,0,0,0,0,0,0,0,0,0,1,0,0,0,0,0,648000,2,4,216,Q3 - Large,0
0,0,0,1,0,0,0,0,0,0,0,0,0,0,0,0,0,0,0,0,1700000,7,6,595,Q4 - Very Large,1
0,0,0,0,0,0,0,1,0,0,0,0,0,0,0,0,0,0,0,0,675000,2,1,91,Q1 - Small,0
0,0,0,0,0,0,0,1,0,0,0,0,0,0,0,0,0,0,0,0,2275000,4,5,399,Q4 - Very Large,0
0,0,0,0,0,0,0,1,0,0,0,0,0,0,0,0,0,0,0,0,2300000,3,3,237,Q3 - Large,0
0,0,0,0,0,0,0,1,0,0,0,0,0,0,0,0,0,0,0,0,1129500,2,3,188,Q3 - Large,0
0,0,0,0,0,0,0,1,0,0,0,0,0,0,0,0,0,0,0,0,3600000,4,5,336,Q4 - Very Large,1
0,0,0,0,0,0,0,1,0,0,0,0,0,0,0,0,0,0,0,0,1950000,3,4,283,Q4 - Very Large,0
0,0,0,0,0,0,0,1,0,0,0,0,0,0,0,0,0,0,0,0,2500000,5,4,463,Q4 - Very Large,0
0,0,0,0,0,0,0,1,0,0,0,0,0,0,0,0,0,0,0,0,1890000,3,4,234,Q3 - Large,0
0,0,0,0,0,0,0,1,0,0,0,0,0,0,0,0,0,0,0,0,1740000,2,4,172,Q3 - Large,0
0,0,0,0,0,0,0,1,0,0,0,0,0,0,0,0,0,0,0,0,785000,2,3,120,Q2 - Medium,0
0,0,0,0,0,0,0,0,0,0,0,0,0,0,0,1,0,0,0,0,179000,1,1,71,Q1 - Small,0
0,0,0,0,0,0,0,0,0,0,0,0,0,0,0,0,1,0,0,0,629900,2,4,133,Q2 - Medium,0
0,0,0,0,0,0,0,0,0,0,0,0,0,0,0,0,1,0,0,0,499900,2,4,126,Q2 - Medium,0
0,0,0,0,0,0,0,0,0,0,0,0,0,0,0,0,1,0,0,0,565000,2,3,108,Q2 - Medium,0
0,0,0,0,0,0,0,0,0,0,0,0,0,0,0,0,0,1,0,0,470000,2,3,95,Q1 - Small,0
0,0,0,0,0,0,0,0,0,0,0,0,0,0,0,0,0,1,0,0,1395000,6,5,368,Q4 - Very Large,1
0,0,0,0,0,0,0,0,0,0,0,0,0,0,0,0,0,1,0,0,1435000,6,6,388,Q4 - Very Large,1
0,0,0,0,0,0,0,0,0,0,0,0,0,0,0,0,0,1,0,0,2200000,4,4,450,Q4 - Very Large,0
0,0,0,0,0,0,0,0,0,0,0,0,0,0,0,0,0,1,0,0,820000,4,5,287,Q4 - Very Large,0
0,0,0,0,0,0,0,0,0,0,0,0,0,0,0,0,0,1,0,0,850000,3,4,238,Q3 - Large,0
0,0,0,0,0,0,0,0,0,0,0,0,0,0,0,0,0,1,0,0,1050000,3,5,265,Q4 - Very Large,0
0,0,0,0,0,0,0,0,0,0,0,0,0,0,0,0,0,1,0,0,995000,4,4,240,Q3 - Large,0
0,0,0,0,0,0,0,0,0,0,0,0,0,0,0,0,0,1,0,0,535000,2,4,150,Q2 - Medium,0
0,0,0,0,0,0,0,0,0,0,0,0,0,0,0,0,0,1,0,0,675000,2,3,152,Q2 - Medium,0
0,0,0,0,0,0,0,0,0,0,0,0,0,0,0,0,0,1,0,0,850000,3,4,238,Q3 - Large,0
0,0,0,0,0,0,0,0,0,0,0,0,0,0,0,0,0,1,0,0,3000000,7,5,881,Q4 - Very Large,1
0,0,0,0,0,0,0,0,0,0,0,0,0,0,0,0,0,1,0,0,2500000,7,8,862,Q4 - Very Large,1
0,0,0,0,0,0,0,0,0,0,0,0,0,0,0,0,0,1,0,0,1300000,4,4,247,Q3 - Large,0
0,0,0,0,0,0,0,0,0,0,0,0,0,0,0,0,0,1,0,0,3500000,2,4,738,Q4 - Very Large,1
0,0,0,0,0,0,0,0,0,0,0,0,0,0,0,0,0,1,0,0,975000,4,7,484,Q4 - Very Large,1
0,0,0,0,0,0,0,0,0,0,0,0,0,0,0,0,0,1,0,0,1050000,3,5,265,Q4 - Very Large,0
0,0,0,0,0,0,0,0,0,0,0,0,0,0,0,0,0,1,0,0,460000,2,2,104,Q1 - Small,0
0,0,0,0,0,0,0,0,0,0,0,0,0,0,0,0,0,1,0,0,1950000,7,6,650,Q4 - Very Large,1
0,0,0,0,0,0,0,0,0,0,0,0,0,0,0,0,0,1,0,0,2075000,4,4,284,Q4 - Very Large,0
0,0,0,0,0,0,0,0,0,0,0,0,0,0,0,0,0,1,0,0,1700000,4,4,387,Q4 - Very Large,0
0,0,0,0,0,0,0,0,0,0,0,0,0,0,0,0,0,1,0,0,2095000,6,5,388,Q4 - Very Large,1
0,0,0,0,0,0,0,0,0,0,0,0,0,0,0,0,0,1,0,0,1240000,5,9,601,Q4 - Very Large,1
0,0,0,0,0,0,0,0,0,0,0,0,0,0,0,0,0,1,0,0,1250000,5,4,275,Q4 - Very Large,0
0,0,0,0,0,0,0,0,0,0,0,0,0,0,0,0,0,1,0,0,485000,2,3,161,Q3 - Large,0
0,0,0,0,0,0,0,0,0,0,0,0,0,0,0,0,0,1,0,0,3000000,8,5,881,Q4 - Very Large,1
0,0,0,0,0,0,0,0,0,0,0,0,0,0,0,0,0,1,0,0,650000,2,3,150,Q2 - Medium,0
0,0,0,0,0,0,0,0,0,0,0,0,0,0,0,0,0,1,0,0,430000,2,3,91,Q1 - Small,0
0,0,0,0,0,0,0,0,0,0,0,0,0,0,0,0,0,1,0,0,675000,3,6,195,Q3 - Large,1
0,0,0,0,0,0,0,0,0,0,0,0,0,0,0,0,0,1,0,0,975000,4,7,484,Q4 - Very Large,1
0,0,0,0,0,0,0,0,0,0,0,0,0,0,0,0,0,1,0,0,995000,4,4,240,Q3 - Large,0
0,0,0,0,0,0,0,0,0,0,0,0,0,0,0,0,0,1,0,0,415000,1,1,94,Q1 - Small,0
0,0,0,0,0,0,0,0,0,0,0,0,0,0,0,0,0,1,0,0,995000,4,4,240,Q3 - Large,0
0,0,0,0,0,0,0,0,0,0,0,0,0,0,0,0,0,1,0,0,1350000,4,4,264,Q3 - Large,0
0,0,0,0,0,0,0,0,0,0,0,0,0,0,0,0,0,1,0,0,650000,2,3,153,Q2 - Medium,0
0,0,0,0,0,1,0,0,0,0,0,0,0,0,0,0,0,0,0,0,795000,3,4,175,Q3 - Large,0
0,0,0,0,0,1,0,0,0,0,0,0,0,0,0,0,0,0,0,0,590000,2,3,143,Q2 - Medium,0
0,0,0,0,0,1,0,0,0,0,0,0,0,0,0,0,0,0,0,0,399000,1,2,75,Q1 - Small,0
0,0,0,0,0,1,0,0,0,0,0,0,0,0,0,0,0,0,0,0,610000,2,2,113,Q2 - Medium,0
0,0,0,0,0,1,0,0,0,0,0,0,0,0,0,0,0,0,0,0,515000,2,3,79,Q1 - Small,0
0,0,0,0,0,1,0,0,0,0,0,0,0,0,0,0,0,0,0,0,795000,2,3,128,Q2 - Medium,0
0,0,0,0,0,0,0,0,0,0,0,0,0,0,0,0,0,1,0,0,875000,4,3,215,Q3 - Large,0
0,0,0,0,0,0,0,0,0,0,0,0,0,0,0,0,0,1,0,0,1300000,3,5,305,Q4 - Very Large,0
0,1,0,0,0,0,0,0,0,0,0,0,0,0,0,0,0,0,0,0,425000,1,2,69,Q1 - Small,0
0,1,0,0,0,0,0,0,0,0,0,0,0,0,0,0,0,0,0,0,1300000,3,4,235,Q3 - Large,0
0,1,0,0,0,0,0,0,0,0,0,0,0,0,0,0,0,0,0,0,940500,2,3,168,Q3 - Large,0
0,1,0,0,0,0,0,0,0,0,0,0,0,0,0,0,0,0,0,0,1100000,2,2,112,Q2 - Medium,0
0,1,0,0,0,0,0,0,0,0,0,0,0,0,0,0,0,0,0,0,1025000,3,4,224,Q3 - Large,0
0,1,0,0,0,0,0,0,0,0,0,0,0,0,0,0,0,0,0,0,690000,2,3,138,Q2 - Medium,0
0,1,0,0,0,0,0,0,0,0,0,0,0,0,0,0,0,0,0,0,445000,3,3,111,Q2 - Medium,0
0,1,0,0,0,0,0,0,0,0,0,0,0,0,0,0,0,0,0,0,1200000,2,3,178,Q3 - Large,0
0,1,0,0,0,0,0,0,0,0,0,0,0,0,0,0,0,0,0,0,1060000,4,5,276,Q4 - Very Large,0
0,1,0,0,0,0,0,0,0,0,0,0,0,0,0,0,0,0,0,0,1300000,2,4,236,Q3 - Large,0
0,0,0,0,0,1,0,0,0,0,0,0,0,0,0,0,0,0,0,0,2190000,4,4,183,Q3 - Large,0
0,0,0,0,0,1,0,0,0,0,0,0,0,0,0,0,0,0,0,0,1190000,2,2,112,Q2 - Medium,0
0,0,0,0,0,1,0,0,0,0,0,0,0,0,0,0,0,0,0,0,1490000,3,2,133,Q2 - Medium,0
0,0,0,0,0,1,0,0,0,0,0,0,0,0,0,0,0,0,0,0,649000,2,2,73,Q1 - Small,0
0,0,0,0,0,1,0,0,0,0,0,0,0,0,0,0,0,0,0,0,315000,1,1,65,Q1 - Small,0
0,0,0,0,0,1,0,0,0,0,0,0,0,0,0,0,0,0,0,0,3600000,5,5,379,Q4 - Very Large,0
0,0,0,0,0,1,0,0,0,0,0,0,0,0,0,0,0,0,0,0,1190000,3,2,110,Q2 - Medium,0
0,0,0,0,0,1,0,0,0,0,0,0,0,0,0,0,0,0,0,0,685000,3,2,166,Q3 - Large,0
0,0,0,0,0,1,0,0,0,0,0,0,0,0,0,0,0,0,0,0,949000,2,2,111,Q2 - Medium,0
0,0,0,0,0,1,0,0,0,0,0,0,0,0,0,0,0,0,0,0,1410000,2,3,118,Q2 - Medium,0
0,0,0,0,0,1,0,0,0,0,0,0,0,0,0,0,0,0,0,0,1400000,2,3,150,Q2 - Medium,0
0,0,0,0,0,1,0,0,0,0,0,0,0,0,0,0,0,0,0,0,1685000,4,4,222,Q3 - Large,0
0,0,0,0,0,1,0,0,0,0,0,0,0,0,0,0,0,0,0,0,1190000,3,2,86,Q1 - Small,0
0,0,0,0,0,1,0,0,0,0,0,0,0,0,0,0,0,0,0,0,1299000,2,5,210,Q3 - Large,0
0,0,0,0,0,1,0,0,0,0,0,0,0,0,0,0,0,0,0,0,3195000,4,6,460,Q4 - Very Large,0
0,0,0,0,0,1,0,0,0,0,0,0,0,0,0,0,0,0,0,0,895000,2,2,102,Q1 - Small,0
0,0,0,0,0,1,0,0,0,0,0,0,0,0,0,0,0,0,0,0,1339000,4,3,158,Q2 - Medium,0
0,0,0,0,0,1,0,0,0,0,0,0,0,0,0,0,0,0,0,0,719000,2,2,71,Q1 - Small,0
0,0,0,0,0,1,0,0,0,0,0,0,0,0,0,0,0,0,0,0,850000,2,2,101,Q1 - Small,0
0,0,0,0,0,1,0,0,0,0,0,0,0,0,0,0,0,0,0,0,1195000,2,2,90,Q1 - Small,0
0,0,0,0,0,1,0,0,0,0,0,0,0,0,0,0,0,0,0,0,650000,2,3,120,Q2 - Medium,0
0,0,0,0,0,1,0,0,0,0,0,0,0,0,0,0,0,0,0,0,840000,2,2,81,Q1 - Small,0
0,0,0,0,0,1,0,0,0,0,0,0,0,0,0,0,0,0,0,0,800000,3,5,213,Q3 - Large,0
0,0,0,0,0,1,0,0,0,0,0,0,0,0,0,0,0,0,0,0,410000,2,2,68,Q1 - Small,0
0,0,0,0,0,1,0,0,0,0,0,0,0,0,0,0,0,0,0,0,250000,1,1,45,Q1 - Small,0
0,0,0,0,0,1,0,0,0,0,0,0,0,0,0,0,0,0,0,0,410000,1,0,146,Q2 - Medium,0
0,0,0,0,0,1,0,0,0,0,0,0,0,0,0,0,0,0,0,0,510000,1,3,83,Q1 - Small,0
0,0,0,0,0,1,0,0,0,0,0,0,0,0,0,0,0,0,0,0,450000,1,3,78,Q1 - Small,0
0,0,0,0,0,1,0,0,0,0,0,0,0,0,0,0,0,0,0,0,560000,2,2,84,Q1 - Small,0
0,0,0,0,0,1,0,0,0,0,0,0,0,0,0,0,0,0,0,0,900000,2,5,155,Q2 - Medium,0
0,0,0,0,0,1,0,0,0,0,0,0,0,0,0,0,0,0,0,0,299000,1,2,59,Q1 - Small,0
0,0,0,0,0,1,0,0,0,0,0,0,0,0,0,0,0,0,0,0,620000,2,3,138,Q2 - Medium,0
0,0,0,0,0,1,0,0,0,0,0,0,0,0,0,0,0,0,0,0,609000,2,2,89,Q1 - Small,0
0,0,0,0,0,0,0,0,0,0,0,1,0,0,0,0,0,0,0,0,1300000,3,4,270,Q4 - Very Large,0
0,0,0,0,0,0,0,0,0,0,0,1,0,0,0,0,0,0,0,0,1850000,5,5,438,Q4 - Very Large,1
0,0,0,0,0,0,0,0,0,0,0,1,0,0,0,0,0,0,0,0,5500000,6,7,1150,Q4 - Very Large,1
0,0,0,0,0,0,0,0,0,0,0,1,0,0,0,0,0,0,0,0,1900000,4,6,372,Q4 - Very Large,1
0,0,0,0,0,0,0,0,0,0,0,1,0,0,0,0,0,0,0,0,1650000,5,5,300,Q4 - Very Large,1
0,0,0,0,0,0,0,0,0,0,0,1,0,0,0,0,0,0,0,0,1538000,6,8,605,Q4 - Very Large,1
0,0,0,0,0,0,0,0,0,0,0,1,0,0,0,0,0,0,0,0,1095000,3,3,188,Q3 - Large,0
0,0,0,0,0,0,0,0,0,0,0,1,0,0,0,0,0,0,0,0,1650000,5,4,360,Q4 - Very Large,1
0,0,0,0,0,0,0,0,0,0,0,1,0,0,0,0,0,0,0,0,3500000,6,5,890,Q4 - Very Large,1
0,0,0,0,0,0,0,0,0,0,0,1,0,0,0,0,0,0,0,0,1300000,3,3,179,Q3 - Large,0
0,0,0,0,0,0,0,0,0,0,0,1,0,0,0,0,0,0,0,0,2190000,5,5,352,Q4 - Very Large,1
0,0,0,0,0,0,0,0,0,0,0,1,0,0,0,0,0,0,0,0,1500000,4,5,400,Q4 - Very Large,1
0,0,0,0,0,0,0,0,0,0,0,1,0,0,0,0,0,0,0,0,2150000,5,4,400,Q4 - Very Large,1
0,0,0,0,0,0,0,0,0,0,0,1,0,0,0,0,0,0,0,0,1850000,5,5,302,Q4 - Very Large,0
0,0,0,0,0,0,0,0,0,0,0,1,0,0,0,0,0,0,0,0,1495000,6,5,481,Q4 - Very Large,1
0,0,0,0,0,0,0,0,0,0,0,1,0,0,0,0,0,0,0,0,680000,2,3,137,Q2 - Medium,0
0,0,0,0,0,0,0,0,0,0,0,1,0,0,0,0,0,0,0,0,1300000,3,3,179,Q3 - Large,0
0,0,0,0,0,0,0,0,0,0,0,1,0,0,0,0,0,0,0,0,475000,1,1,72,Q1 - Small,0
0,0,0,0,0,0,0,0,0,0,0,1,0,0,0,0,0,0,0,0,2500000,6,5,800,Q4 - Very Large,1
0,0,0,0,0,0,0,0,0,0,0,1,0,0,0,0,0,0,0,0,4200000,7,7,875,Q4 - Very Large,1
0,0,0,0,0,0,0,0,0,0,0,1,0,0,0,0,0,0,0,0,2690000,7,5,745,Q4 - Very Large,1
0,0,0,0,0,0,0,0,0,0,0,1,0,0,0,0,0,0,0,0,3000000,6,5,746,Q4 - Very Large,1
0,0,0,0,0,0,0,0,0,0,0,1,0,0,0,0,0,0,0,0,880000,3,4,239,Q3 - Large,0
0,0,0,0,0,0,0,0,0,0,0,1,0,0,0,0,0,0,0,0,1650000,3,4,290,Q4 - Very Large,0
0,0,0,0,0,0,0,0,0,0,0,1,0,0,0,0,0,0,0,0,5500000,8,8,1150,Q4 - Very Large,1
0,0,0,0,0,0,0,0,0,0,0,1,0,0,0,0,0,0,0,0,1290000,4,5,346,Q4 - Very Large,1
0,0,0,0,0,0,0,0,0,0,0,1,0,0,0,0,0,0,0,0,1650000,5,5,360,Q4 - Very Large,1
0,0,0,0,0,0,0,0,0,0,0,1,0,0,0,0,0,0,0,0,860000,2,2,252,Q3 - Large,0
0,0,0,0,0,0,0,0,0,0,0,1,0,0,0,0,0,0,0,0,1690000,6,6,533,Q4 - Very Large,1
0,0,0,0,0,0,0,0,0,0,0,1,0,0,0,0,0,0,0,0,430000,1,1,82,Q1 - Small,0
0,0,0,0,0,0,0,0,0,0,0,1,0,0,0,0,0,0,0,0,1850000,5,5,302,Q4 - Very Large,0
0,0,0,0,0,0,0,0,0,0,0,1,0,0,0,0,0,0,0,0,875000,2,3,134,Q2 - Medium,0
0,0,0,0,0,0,0,0,0,0,0,1,0,0,0,0,0,0,0,0,900000,2,3,150,Q2 - Medium,0
0,0,0,0,0,0,0,0,0,0,0,1,0,0,0,0,0,0,0,0,1590000,4,4,307,Q4 - Very Large,1
0,0,0,0,0,0,0,0,0,0,0,1,0,0,0,0,0,0,0,0,1490000,3,4,216,Q3 - Large,0
0,0,0,0,0,0,0,0,0,0,0,1,0,0,0,0,0,0,0,0,2150000,5,5,407,Q4 - Very Large,0
0,0,0,0,0,0,0,0,0,0,0,1,0,0,0,0,0,0,0,0,1690000,6,6,530,Q4 - Very Large,1
0,0,0,0,0,0,0,0,0,0,0,1,0,0,0,0,0,0,0,0,2060000,5,5,334,Q4 - Very Large,1
0,0,0,0,0,0,0,0,0,0,0,1,0,0,0,0,0,0,0,0,719000,2,3,120,Q2 - Medium,0
0,0,0,0,0,0,0,0,0,0,0,1,0,0,0,0,0,0,0,0,470000,2,3,121,Q2 - Medium,0
0,0,0,0,0,0,0,0,0,0,0,1,0,0,0,0,0,0,0,0,1850000,5,7,302,Q4 - Very Large,0
0,0,0,0,0,0,0,0,0,0,0,1,0,0,0,0,0,0,0,0,1300000,5,6,230,Q3 - Large,1
0,0,0,0,0,0,0,0,0,0,0,1,0,0,0,0,0,0,0,0,2800000,6,5,452,Q4 - Very Large,1
0,0,0,0,0,0,0,0,0,0,0,1,0,0,0,0,0,0,0,0,980000,2,4,130,Q2 - Medium,0
0,0,0,0,0,0,0,0,0,0,0,1,0,0,0,0,0,0,0,0,1725000,5,4,540,Q4 - Very Large,1
0,0,0,0,0,0,0,0,0,0,0,1,0,0,0,0,0,0,0,0,3500000,6,6,489,Q4 - Very Large,1
0,0,0,0,0,0,0,0,0,0,0,1,0,0,0,0,0,0,0,0,399000,1,1,70,Q1 - Small,0
0,0,0,0,0,0,0,0,0,0,0,1,0,0,0,0,0,0,0,0,825000,3,2,144,Q2 - Medium,0
0,0,0,0,0,0,0,0,0,0,0,1,0,0,0,0,0,0,0,0,2000000,5,6,305,Q4 - Very Large,1
0,0,0,0,0,0,0,0,0,0,0,1,0,0,0,0,0,0,0,0,1100000,4,4,263,Q3 - Large,1
0,0,0,0,0,0,0,0,0,0,0,1,0,0,0,0,0,0,0,0,4000000,6,6,969,Q4 - Very Large,1
0,0,0,0,0,0,0,0,0,0,0,1,0,0,0,0,0,0,0,0,1690000,6,6,533,Q4 - Very Large,1
0,0,0,0,0,0,0,0,0,0,0,1,0,0,0,0,0,0,0,0,358000,2,3,100,Q1 - Small,0
0,0,0,0,0,0,0,0,0,0,0,1,0,0,0,0,0,0,0,0,595000,2,4,140,Q2 - Medium,0
0,0,0,0,0,0,0,0,0,0,0,1,0,0,0,0,0,0,0,0,475000,2,4,98,Q1 - Small,0
0,0,0,0,0,0,0,0,0,0,0,1,0,0,0,0,0,0,0,0,1050000,4,5,337,Q4 - Very Large,0
0,0,0,0,0,0,0,0,0,0,0,1,0,0,0,0,0,0,0,0,2060000,5,5,334,Q4 - Very Large,1
0,0,0,0,0,0,0,0,0,0,0,1,0,0,0,0,0,0,0,0,1050000,6,6,420,Q4 - Very Large,1
0,0,0,0,0,0,0,0,0,0,0,1,0,0,0,0,0,0,0,0,1495000,6,6,482,Q4 - Very Large,1
0,0,0,0,0,0,0,0,0,0,0,1,0,0,0,0,0,0,0,0,870000,3,3,314,Q4 - Very Large,1
0,0,0,0,0,0,0,0,0,0,0,0,1,0,0,0,0,0,0,0,1175000,3,3,178,Q3 - Large,0
0,0,0,0,0,0,0,0,0,0,0,0,1,0,0,0,0,0,0,0,1800000,4,3,214,Q3 - Large,0
0,0,0,0,0,0,0,0,0,0,0,0,1,0,0,0,0,0,0,0,839000,2,2,106,Q2 - Medium,0
0,0,0,0,0,0,0,0,0,0,0,0,1,0,0,0,0,0,0,0,1660000,3,3,228,Q3 - Large,0
0,0,0,0,0,0,0,0,0,0,0,0,1,0,0,0,0,0,0,0,1715000,2,4,130,Q2 - Medium,0
0,0,0,0,0,0,0,0,0,0,0,0,1,0,0,0,0,0,0,0,650000,2,2,68,Q1 - Small,0
0,0,0,0,0,0,0,0,0,0,0,0,1,0,0,0,0,0,0,0,790000,2,6,167,Q3 - Large,0
0,0,0,0,0,0,0,0,0,0,0,0,1,0,0,0,0,0,0,0,425000,1,2,62,Q1 - Small,0
0,0,0,0,0,0,0,0,0,0,0,0,0,0,0,0,1,0,0,0,530000,1,2,78,Q1 - Small,0
0,0,0,0,0,0,0,0,0,0,0,0,0,0,0,0,1,0,0,0,1050000,2,3,133,Q2 - Medium,0
0,0,0,0,0,0,0,0,0,0,0,0,0,0,0,0,1,0,0,0,1125000,3,4,173,Q3 - Large,0
0,0,0,0,0,0,0,0,0,0,0,0,0,0,0,0,1,0,0,0,760000,2,2,101,Q1 - Small,0
0,0,0,0,0,0,0,0,0,0,0,0,0,0,0,0,1,0,0,0,1140000,2,3,126,Q2 - Medium,0
0,0,0,0,0,0,0,0,0,0,0,0,0,0,0,0,1,0,0,0,1100000,4,5,224,Q3 - Large,0
0,0,0,0,0,0,0,0,0,0,0,0,0,0,0,0,1,0,0,0,1150000,3,4,174,Q3 - Large,0
0,0,0,0,0,0,0,0,0,0,0,0,0,0,0,0,1,0,0,0,699000,2,4,126,Q2 - Medium,0
0,0,0,0,0,0,0,0,0,0,0,0,0,0,0,0,1,0,0,0,625000,2,5,117,Q2 - Medium,0
0,0,0,0,0,0,0,0,0,0,0,0,0,0,0,0,0,0,0,0,850000,3,3,151,Q2 - Medium,0
0,0,0,0,0,0,0,0,0,0,0,0,0,0,0,0,0,0,0,0,385000,1,3,97,Q1 - Small,0
0,0,0,0,0,0,0,0,0,0,0,0,0,0,0,0,0,0,0,0,498000,2,5,139,Q2 - Medium,0
0,0,0,0,0,0,0,0,0,0,0,0,0,0,0,0,0,0,0,0,245000,1,1,70,Q1 - Small,0
0,0,0,0,0,0,0,0,0,0,0,0,0,0,0,0,0,0,0,0,520000,2,3,102,Q1 - Small,0
0,0,0,0,0,0,0,0,0,0,0,0,0,0,0,0,1,0,0,0,1129000,3,2,98,Q1 - Small,0
0,0,0,0,0,0,0,0,0,0,0,0,0,0,0,0,1,0,0,0,550000,1,2,97,Q1 - Small,0
0,0,0,0,0,0,0,0,0,0,0,0,0,0,0,0,1,0,0,0,2700000,3,3,227,Q3 - Large,0
0,0,0,0,0,0,0,0,0,0,0,0,0,0,0,0,1,0,0,0,1200000,2,2,124,Q2 - Medium,0
0,0,0,0,0,0,0,0,0,0,0,0,0,0,0,0,0,1,0,0,517000,2,3,109,Q2 - Medium,0
0,0,0,0,0,0,0,0,0,0,0,0,0,0,0,0,0,1,0,0,549000,2,3,127,Q2 - Medium,0
0,0,0,0,0,0,0,0,0,0,0,0,0,0,0,0,0,1,0,0,439000,2,2,103,Q1 - Small,0
0,0,0,0,0,0,0,0,0,0,1,0,0,0,0,0,0,0,0,0,270000,1,2,53,Q1 - Small,0
0,0,0,0,0,0,0,0,0,0,0,0,1,0,0,0,0,0,0,0,238000,1,2,51,Q1 - Small,0
0,0,0,0,0,0,0,0,0,0,0,0,1,0,0,0,0,0,0,0,859000,3,3,133,Q2 - Medium,0
0,0,0,0,0,0,0,0,0,0,0,0,1,0,0,0,0,0,0,0,695000,2,2,262,Q3 - Large,0
0,0,0,0,0,0,0,0,0,0,0,0,1,0,0,0,0,0,0,0,960000,2,6,204,Q3 - Large,0
0,0,0,0,0,0,0,0,0,0,0,0,1,0,0,0,0,0,0,0,525000,1,4,131,Q2 - Medium,0
0,0,0,0,0,0,0,0,0,0,0,0,1,0,0,0,0,0,0,0,317000,1,2,60,Q1 - Small,0
0,0,0,0,0,0,0,0,0,0,0,0,1,0,0,0,0,0,0,0,385000,1,1,56,Q1 - Small,0
0,0,0,0,0,0,0,0,0,0,0,0,1,0,0,0,0,0,0,0,779000,3,3,176,Q3 - Large,0
0,0,0,0,0,0,0,0,0,0,0,0,1,0,0,0,0,0,0,0,654000,2,2,159,Q3 - Large,0
0,0,0,0,0,0,0,0,0,0,0,0,1,0,0,0,0,0,0,0,288000,1,1,52,Q1 - Small,0
0,0,0,0,0,0,0,0,0,0,0,0,1,0,0,0,0,0,0,0,150000,1,1,24,Q1 - Small,0
0,0,0,0,0,0,0,0,0,0,0,0,1,0,0,0,0,0,0,0,425000,1,3,80,Q1 - Small,0
0,0,0,0,0,0,0,0,0,0,0,0,1,0,0,0,0,0,0,0,435000,2,2,102,Q1 - Small,0
0,0,0,0,0,0,0,0,0,0,0,0,1,0,0,0,0,0,0,0,695000,2,2,262,Q3 - Large,0
0,0,0,0,0,0,0,0,0,0,0,0,1,0,0,0,0,0,0,0,314000,1,3,76,Q1 - Small,0
0,0,0,0,0,0,0,0,0,0,0,0,1,0,0,0,0,0,0,0,160000,1,1,25,Q1 - Small,0
0,0,0,0,0,0,0,0,0,0,0,0,1,0,0,0,0,0,0,0,235000,1,2,64,Q1 - Small,0
0,0,0,0,0,0,0,0,0,0,0,0,1,0,0,0,0,0,0,0,290000,2,2,62,Q1 - Small,0
0,0,0,0,0,0,0,0,0,0,0,0,0,0,0,0,0,0,0,0,1250000,4,5,302,Q4 - Very Large,1
0,0,0,0,0,1,0,0,0,0,0,0,0,0,0,0,0,0,0,0,780000,1,2,102,Q1 - Small,0
0,0,0,0,0,1,0,0,0,0,0,0,0,0,0,0,0,0,0,0,1550000,3,3,156,Q2 - Medium,0
0,0,0,0,0,1,0,0,0,0,0,0,0,0,0,0,0,0,0,0,995000,2,2,106,Q2 - Medium,0
0,0,0,0,0,1,0,0,0,0,0,0,0,0,0,0,0,0,0,0,849000,2,2,83,Q1 - Small,0
0,0,0,0,0,1,0,0,0,0,0,0,0,0,0,0,0,0,0,0,1049000,3,2,115,Q2 - Medium,0
0,0,0,0,0,1,0,0,0,0,0,0,0,0,0,0,0,0,0,0,675000,1,2,139,Q2 - Medium,0
0,0,0,0,0,1,0,0,0,0,0,0,0,0,0,0,0,0,0,0,569000,1,1,46,Q1 - Small,0
0,0,0,0,0,1,0,0,0,0,0,0,0,0,0,0,0,0,0,0,1375000,3,5,197,Q3 - Large,0
0,0,0,0,0,1,0,0,0,0,0,0,0,0,0,0,0,0,0,0,550000,2,2,69,Q1 - Small,0
0,0,0,0,0,1,0,0,0,0,0,0,0,0,0,0,0,0,0,0,1495000,3,4,224,Q3 - Large,0
0,0,0,0,0,1,0,0,0,0,0,0,0,0,0,0,0,0,0,0,698000,2,2,108,Q2 - Medium,0
0,0,0,0,0,1,0,0,0,0,0,0,0,0,0,0,0,0,0,0,800000,2,3,124,Q2 - Medium,0
0,0,0,0,0,1,0,0,0,0,0,0,0,0,0,0,0,0,0,0,1625000,4,3,192,Q3 - Large,0
0,0,0,0,0,1,0,0,0,0,0,0,0,0,0,0,0,0,0,0,1495000,3,4,224,Q3 - Large,0
0,0,0,0,0,1,0,0,0,0,0,0,0,0,0,0,0,0,0,0,850000,2,2,100,Q1 - Small,0
0,0,0,0,0,1,0,0,0,0,0,0,0,0,0,0,0,0,0,0,1000000,2,5,186,Q3 - Large,0
0,0,0,0,0,1,0,0,0,0,0,0,0,0,0,0,0,0,0,0,679000,3,2,75,Q1 - Small,0
0,0,0,0,0,1,0,0,0,0,0,0,0,0,0,0,0,0,0,0,1000000,2,5,186,Q3 - Large,0
0,0,0,0,0,1,0,0,0,0,0,0,0,0,0,0,0,0,0,0,550000,2,2,69,Q1 - Small,0
0,0,0,0,0,1,0,0,0,0,0,0,0,0,0,0,0,0,0,0,2055000,3,2,245,Q3 - Large,0
0,0,0,0,0,1,0,0,0,0,0,0,0,0,0,0,0,0,0,0,1074000,2,5,179,Q3 - Large,0
0,0,0,0,0,1,0,0,0,0,0,0,0,0,0,0,0,0,0,0,1950000,3,4,175,Q3 - Large,0
0,0,0,0,0,0,0,0,0,1,0,0,0,0,0,0,0,0,0,0,145000,1,3,54,Q1 - Small,0
0,0,0,0,0,0,0,0,0,1,0,0,0,0,0,0,0,0,0,0,299000,2,3,154,Q2 - Medium,0
0,0,0,0,0,0,0,0,0,0,0,0,1,0,0,0,0,0,0,0,710000,2,3,127,Q2 - Medium,0
0,0,0,0,0,0,0,0,0,0,0,0,1,0,0,0,0,0,0,0,1420000,2,2,107,Q2 - Medium,0
0,0,0,0,0,0,0,0,0,0,0,0,1,0,0,0,0,0,0,0,330000,2,2,80,Q1 - Small,0
0,0,0,0,0,0,0,0,0,0,0,0,1,0,0,0,0,0,0,0,719000,3,3,87,Q1 - Small,0
0,0,0,0,0,0,0,0,0,0,0,0,1,0,0,0,0,0,0,0,950000,3,3,119,Q2 - Medium,0
0,0,0,0,0,0,0,0,0,0,0,0,1,0,0,0,0,0,0,0,1099000,4,4,166,Q3 - Large,0
0,0,0,0,0,0,0,0,0,0,0,0,1,0,0,0,0,0,0,0,499000,1,3,88,Q1 - Small,0
0,0,0,0,0,0,0,0,0,0,0,0,1,0,0,0,0,0,0,0,710000,2,3,127,Q2 - Medium,0
0,0,0,0,0,0,0,0,0,0,0,0,1,0,0,0,0,0,0,0,995000,2,2,125,Q2 - Medium,0
0,0,0,0,0,0,0,0,0,0,0,0,1,0,0,0,0,0,0,0,795000,2,4,200,Q3 - Large,0
0,0,0,0,0,0,0,0,0,0,0,0,1,0,0,0,0,0,0,0,660000,1,2,107,Q2 - Medium,0
0,0,0,0,0,0,0,0,0,0,0,0,1,0,0,0,0,0,0,0,770000,2,4,123,Q2 - Medium,0
0,0,0,0,0,0,0,0,0,0,0,0,1,0,0,0,0,0,0,0,548000,1,2,75,Q1 - Small,0
0,0,0,0,0,0,0,0,0,0,0,0,1,0,0,0,0,0,0,0,464000,2,3,53,Q1 - Small,0
0,0,0,0,0,0,0,0,0,0,0,0,1,0,0,0,0,0,0,0,299000,1,2,61,Q1 - Small,0
0,0,0,0,0,0,0,0,0,0,0,0,1,0,0,0,0,0,0,0,570000,2,4,160,Q3 - Large,0
0,0,0,0,0,0,0,0,0,0,0,0,1,0,0,0,0,0,0,0,660000,2,1,120,Q2 - Medium,0
0,0,0,0,0,0,0,0,0,0,0,0,1,0,0,0,0,0,0,0,825000,4,4,164,Q3 - Large,0
0,0,0,0,0,0,0,0,0,0,0,0,1,0,0,0,0,0,0,0,575500,1,2,70,Q1 - Small,0
0,0,0,0,0,0,0,0,0,0,0,0,1,0,0,0,0,0,0,0,2600000,6,4,500,Q4 - Very Large,0
0,0,0,0,0,0,0,0,0,0,0,0,1,0,0,0,0,0,0,0,240000,1,1,38,Q1 - Small,0
0,0,0,0,0,0,0,0,0,0,0,0,1,0,0,0,0,0,0,0,899000,3,3,107,Q2 - Medium,0
0,0,0,0,0,0,0,0,0,0,0,0,1,0,0,0,0,0,0,0,590000,2,2,93,Q1 - Small,0
0,0,0,0,0,0,0,0,0,0,0,0,1,0,0,0,0,0,0,0,660000,2,2,121,Q2 - Medium,0
0,0,0,0,0,0,0,0,0,0,0,0,1,0,0,0,0,0,0,0,1150000,3,3,133,Q2 - Medium,0
0,0,0,0,0,0,0,0,0,0,0,0,0,0,0,0,0,1,0,0,1625000,5,6,450,Q4 - Very Large,1
0,0,0,0,0,0,0,0,0,0,0,0,0,0,0,0,0,1,0,0,1625000,5,6,443,Q4 - Very Large,1
0,0,0,0,0,0,0,0,0,0,0,0,0,0,0,0,0,1,0,0,2395000,5,5,781,Q4 - Very Large,1
0,0,0,0,0,0,0,0,0,0,0,0,0,0,0,0,0,1,0,0,2395000,4,4,700,Q4 - Very Large,1
0,0,0,1,0,0,0,0,0,0,0,0,0,0,0,0,0,0,0,0,1200000,4,4,300,Q4 - Very Large,0
0,0,0,1,0,0,0,0,0,0,0,0,0,0,0,0,0,0,0,0,1200000,4,5,240,Q3 - Large,0
0,0,0,1,0,0,0,0,0,0,0,0,0,0,0,0,0,0,0,0,930000,4,5,265,Q4 - Very Large,1
0,0,0,1,0,0,0,0,0,0,0,0,0,0,0,0,0,0,0,0,1370000,5,4,248,Q3 - Large,0
0,0,0,1,0,0,0,0,0,0,0,0,0,0,0,0,0,0,0,0,1950000,6,6,488,Q4 - Very Large,1
0,0,0,1,0,0,0,0,0,0,0,0,0,0,0,0,0,0,0,0,875000,5,7,348,Q4 - Very Large,0
0,0,0,1,0,0,0,0,0,0,0,0,0,0,0,0,0,0,0,0,3500000,6,5,1525,Q4 - Very Large,1
0,0,0,1,0,0,0,0,0,0,0,0,0,0,0,0,0,0,0,0,2950000,8,7,580,Q4 - Very Large,1
0,0,0,1,0,0,0,0,0,0,0,0,0,0,0,0,0,0,0,0,2800000,5,5,780,Q4 - Very Large,1
0,0,0,1,0,0,0,0,0,0,0,0,0,0,0,0,0,0,0,0,1450000,4,5,258,Q3 - Large,0
0,0,0,1,0,0,0,0,0,0,0,0,0,0,0,0,0,0,0,0,1290000,4,4,234,Q3 - Large,0
0,0,0,1,0,0,0,0,0,0,0,0,0,0,0,0,0,0,0,0,1190000,4,5,231,Q3 - Large,1
0,0,0,1,0,0,0,0,0,0,0,0,0,0,0,0,0,0,0,0,840000,3,4,254,Q3 - Large,0
0,0,0,1,0,0,0,0,0,0,0,0,0,0,0,0,0,0,0,0,2390000,6,6,400,Q4 - Very Large,1
0,0,0,1,0,0,0,0,0,0,0,0,0,0,0,0,0,0,0,0,1097000,3,3,150,Q2 - Medium,0
0,0,0,1,0,0,0,0,0,0,0,0,0,0,0,0,0,0,0,0,950000,5,6,430,Q4 - Very Large,1
0,0,0,1,0,0,0,0,0,0,0,0,0,0,0,0,0,0,0,0,1450000,4,5,340,Q4 - Very Large,0
0,0,0,1,0,0,0,0,0,0,0,0,0,0,0,0,0,0,0,0,999000,5,5,308,Q4 - Very Large,1
0,0,0,1,0,0,0,0,0,0,0,0,0,0,0,0,0,0,0,0,2500000,7,6,510,Q4 - Very Large,1
0,0,0,1,0,0,0,0,0,0,0,0,0,0,0,0,0,0,0,0,1450000,3,4,218,Q3 - Large,0
0,0,0,1,0,0,0,0,0,0,0,0,0,0,0,0,0,0,0,0,2500000,11,11,500,Q4 - Very Large,1
0,0,0,1,0,0,0,0,0,0,0,0,0,0,0,0,0,0,0,0,2950000,5,6,700,Q4 - Very Large,1
0,0,0,1,0,0,0,0,0,0,0,0,0,0,0,0,0,0,0,0,949000,2,3,240,Q3 - Large,0
0,0,0,1,0,0,0,0,0,0,0,0,0,0,0,0,0,0,0,0,5900000,8,5,730,Q4 - Very Large,1
0,0,0,1,0,0,0,0,0,0,0,0,0,0,0,0,0,0,0,0,640000,2,3,115,Q2 - Medium,0
0,0,0,1,0,0,0,0,0,0,0,0,0,0,0,0,0,0,0,0,720000,2,2,125,Q2 - Medium,0
0,0,0,1,0,0,0,0,0,0,0,0,0,0,0,0,0,0,0,0,895000,4,6,272,Q4 - Very Large,1
0,0,0,1,0,0,0,0,0,0,0,0,0,0,0,0,0,0,0,0,2500000,6,5,510,Q4 - Very Large,1
0,0,0,1,0,0,0,0,0,0,0,0,0,0,0,0,0,0,0,0,2280000,3,4,268,Q4 - Very Large,0
0,0,0,1,0,0,0,0,0,0,0,0,0,0,0,0,0,0,0,0,750000,2,2,149,Q2 - Medium,0
0,0,0,1,0,0,0,0,0,0,0,0,0,0,0,0,0,0,0,0,1890000,3,4,316,Q4 - Very Large,0
0,0,0,1,0,0,0,0,0,0,0,0,0,0,0,0,0,0,0,0,1150000,3,3,143,Q2 - Medium,0
0,0,0,1,0,0,0,0,0,0,0,0,0,0,0,0,0,0,0,0,990000,4,5,292,Q4 - Very Large,0
0,0,0,1,0,0,0,0,0,0,0,0,0,0,0,0,0,0,0,0,2950000,6,6,555,Q4 - Very Large,1
0,0,0,1,0,0,0,0,0,0,0,0,0,0,0,0,0,0,0,0,1190000,6,5,400,Q4 - Very Large,1
0,0,0,1,0,0,0,0,0,0,0,0,0,0,0,0,0,0,0,0,2800000,8,7,780,Q4 - Very Large,1
0,0,0,1,0,0,0,0,0,0,0,0,0,0,0,0,0,0,0,0,5500000,9,7,1200,Q4 - Very Large,1
0,0,0,1,0,0,0,0,0,0,0,0,0,0,0,0,0,0,0,0,3500000,10,7,749,Q4 - Very Large,1
0,0,0,1,0,0,0,0,0,0,0,0,0,0,0,0,0,0,0,0,595000,2,4,140,Q2 - Medium,0
0,0,0,1,0,0,0,0,0,0,0,0,0,0,0,0,0,0,0,0,349000,1,1,51,Q1 - Small,0
0,0,0,1,0,0,0,0,0,0,0,0,0,0,0,0,0,0,0,0,835000,5,4,302,Q4 - Very Large,1
0,0,0,1,0,0,0,0,0,0,0,0,0,0,0,0,0,0,0,0,2900000,12,7,1768,Q4 - Very Large,1
0,0,0,1,0,0,0,0,0,0,0,0,0,0,0,0,0,0,0,0,1450000,5,5,340,Q4 - Very Large,0
0,0,0,1,0,0,0,0,0,0,0,0,0,0,0,0,0,0,0,0,950000,3,3,205,Q3 - Large,1
0,0,0,1,0,0,0,0,0,0,0,0,0,0,0,0,0,0,0,0,795000,3,2,201,Q3 - Large,1
0,0,0,1,0,0,0,0,0,0,0,0,0,0,0,0,0,0,0,0,1540000,3,4,345,Q4 - Very Large,0
0,0,0,0,0,0,0,0,0,0,0,0,0,0,0,0,0,0,1,0,300000,2,4,98,Q1 - Small,0
0,0,0,0,0,0,0,0,0,0,0,0,0,0,0,0,1,0,0,0,550000,1,2,97,Q1 - Small,0
0,0,0,0,0,0,0,0,0,0,0,0,0,0,0,0,1,0,0,0,2450000,4,6,430,Q4 - Very Large,0
0,0,0,0,0,0,0,1,0,0,0,0,0,0,0,0,0,0,0,0,4950000,7,6,886,Q4 - Very Large,1
0,0,0,0,0,0,0,1,0,0,0,0,0,0,0,0,0,0,0,0,730000,2,2,125,Q2 - Medium,0
0,0,0,0,0,0,0,1,0,0,0,0,0,0,0,0,0,0,0,0,2770000,5,4,370,Q4 - Very Large,0
0,0,0,0,0,0,0,1,0,0,0,0,0,0,0,0,0,0,0,0,2225000,6,5,268,Q4 - Very Large,1
0,0,0,0,0,0,0,1,0,0,0,0,0,0,0,0,0,0,0,0,3700000,6,6,430,Q4 - Very Large,1
0,0,0,0,0,0,0,1,0,0,0,0,0,0,0,0,0,0,0,0,670000,2,4,126,Q2 - Medium,0
0,0,0,0,0,0,0,1,0,0,0,0,0,0,0,0,0,0,0,0,2300000,5,4,310,Q4 - Very Large,0
0,0,0,0,0,0,0,1,0,0,0,0,0,0,0,0,0,0,0,0,1395000,2,3,177,Q3 - Large,0
0,1,0,0,0,0,0,0,0,0,0,0,0,0,0,0,0,0,0,0,1255000,3,3,153,Q2 - Medium,0
0,1,0,0,0,0,0,0,0,0,0,0,0,0,0,0,0,0,0,0,560000,2,3,74,Q1 - Small,0
0,1,0,0,0,0,0,0,0,0,0,0,0,0,0,0,0,0,0,0,2395000,5,4,264,Q3 - Large,0
0,1,0,0,0,0,0,0,0,0,0,0,0,0,0,0,0,0,0,0,697000,1,2,122,Q2 - Medium,0
0,1,0,0,0,0,0,0,0,0,0,0,0,0,0,0,0,0,0,0,595000,1,3,89,Q1 - Small,0
0,1,0,0,0,0,0,0,0,0,0,0,0,0,0,0,0,0,0,0,2395000,5,4,264,Q3 - Large,0
0,1,0,0,0,0,0,0,0,0,0,0,0,0,0,0,0,0,0,0,697000,1,2,122,Q2 - Medium,0
0,1,0,0,0,0,0,0,0,0,0,0,0,0,0,0,0,0,0,0,1312500,3,4,215,Q3 - Large,0
0,1,0,0,0,0,0,0,0,0,0,0,0,0,0,0,0,0,0,0,1075000,2,3,169,Q3 - Large,0
0,1,0,0,0,0,0,0,0,0,0,0,0,0,0,0,0,0,0,0,950000,2,4,157,Q2 - Medium,0
0,0,0,0,0,0,0,0,1,0,0,0,0,0,0,0,0,0,0,0,260000,1,0,78,Q1 - Small,0
0,0,0,0,0,0,0,0,0,0,0,0,0,0,0,0,1,0,0,0,450000,2,3,94,Q1 - Small,0
0,0,0,0,0,0,0,0,0,0,0,0,0,0,0,0,1,0,0,0,375000,1,3,92,Q1 - Small,0
0,0,0,0,0,0,0,0,0,0,0,0,0,0,0,0,1,0,0,0,579000,2,3,145,Q2 - Medium,0
0,0,0,0,0,0,0,0,0,0,0,0,0,0,0,0,1,0,0,0,370000,1,4,86,Q1 - Small,0
0,0,0,0,0,0,0,0,0,0,0,0,0,0,0,0,1,0,0,0,579000,2,3,118,Q2 - Medium,0
0,0,0,0,0,0,0,0,0,0,0,0,1,0,0,0,0,0,0,0,320000,1,2,52,Q1 - Small,0
0,0,0,0,0,0,0,0,0,0,0,0,1,0,0,0,0,0,0,0,550000,2,3,112,Q2 - Medium,0
0,0,0,0,0,0,0,0,0,0,0,0,1,0,0,0,0,0,0,0,1080000,2,2,101,Q1 - Small,0
0,0,0,0,0,0,0,0,0,0,0,0,1,0,0,0,0,0,0,0,267000,1,0,39,Q1 - Small,0
0,0,0,0,0,0,0,0,0,0,0,0,1,0,0,0,0,0,0,0,3600000,3,5,358,Q4 - Very Large,0
0,0,0,0,0,0,0,0,0,0,0,0,1,0,0,0,0,0,0,0,777000,1,2,111,Q2 - Medium,0
0,0,0,0,0,0,0,0,0,0,0,0,1,0,0,0,0,0,0,0,777000,1,2,111,Q2 - Medium,0
0,0,0,0,0,0,0,0,0,0,0,0,1,0,0,0,0,0,0,0,777000,1,2,111,Q2 - Medium,0
0,0,0,0,0,0,0,0,0,0,0,0,1,0,0,0,0,0,0,0,2575000,4,4,215,Q3 - Large,0
0,0,0,0,0,0,0,0,0,0,0,0,1,0,0,0,0,0,0,0,1356000,2,2,122,Q2 - Medium,0
0,0,0,0,0,0,0,0,0,0,0,0,1,0,0,0,0,0,0,0,375000,1,1,66,Q1 - Small,0
0,0,0,0,0,0,0,0,0,0,0,0,1,0,0,0,0,0,0,0,1175000,3,4,173,Q3 - Large,0
0,0,0,0,0,0,0,0,0,0,0,1,0,0,0,0,0,0,0,0,860000,2,2,195,Q3 - Large,0
0,0,0,0,0,0,0,0,0,0,0,1,0,0,0,0,0,0,0,0,470000,1,2,91,Q1 - Small,0
0,0,0,0,0,0,0,0,0,0,0,1,0,0,0,0,0,0,0,0,2060000,5,5,334,Q4 - Very Large,1
0,0,0,0,0,0,0,0,0,0,0,1,0,0,0,0,0,0,0,0,795000,2,3,146,Q2 - Medium,0
0,0,0,0,0,0,0,0,0,0,0,0,0,0,0,0,0,0,0,0,380000,1,3,75,Q1 - Small,0
0,0,0,0,0,0,0,0,0,0,0,0,0,0,0,0,0,0,0,0,530000,2,3,93,Q1 - Small,0
0,0,0,0,0,0,0,0,0,0,0,0,0,0,0,0,0,0,0,0,525000,2,3,104,Q1 - Small,0
0,0,0,0,0,0,0,0,1,0,0,0,0,0,0,0,0,0,0,0,378000,2,3,104,Q1 - Small,0
0,0,0,0,0,0,0,0,0,0,0,0,0,0,0,0,0,1,0,0,1237000,7,8,485,Q4 - Very Large,1
0,0,0,0,0,0,0,0,0,0,0,0,0,0,0,0,0,1,0,0,1790000,4,5,414,Q4 - Very Large,1
0,0,0,0,0,0,0,0,0,0,0,0,0,0,0,0,0,1,0,0,480000,2,3,100,Q1 - Small,0
0,0,0,0,0,0,0,0,0,0,0,1,0,0,0,0,0,0,0,0,345000,2,3,98,Q1 - Small,0
0,0,0,0,0,0,0,1,0,0,0,0,0,0,0,0,0,0,0,0,1400000,2,4,236,Q3 - Large,0
0,0,0,0,0,0,0,1,0,0,0,0,0,0,0,0,0,0,0,0,430000,2,2,76,Q1 - Small,0
0,0,0,0,0,0,0,1,0,0,0,0,0,0,0,0,0,0,0,0,1329000,5,5,442,Q4 - Very Large,0
0,0,0,0,0,0,0,1,0,0,0,0,0,0,0,0,0,0,0,0,699000,3,5,160,Q3 - Large,0
0,0,0,0,0,0,0,1,0,0,0,0,0,0,0,0,0,0,0,0,290000,1,2,42,Q1 - Small,0
0,0,0,0,0,0,0,1,0,0,0,0,0,0,0,0,0,0,0,0,399000,1,2,81,Q1 - Small,0
0,0,0,0,0,0,0,1,0,0,0,0,0,0,0,0,0,0,0,0,1200000,3,3,236,Q3 - Large,0
0,0,0,0,0,0,0,0,0,0,0,0,0,1,0,0,0,0,0,0,214900,1,2,70,Q1 - Small,0
0,0,0,0,0,0,0,0,0,0,0,0,0,1,0,0,0,0,0,0,334740,2,2,102,Q1 - Small,0
0,0,0,0,0,0,0,0,0,0,0,0,0,1,0,0,0,0,0,0,229900,1,2,75,Q1 - Small,0
0,0,0,0,0,0,0,0,0,0,0,0,0,0,0,0,0,0,0,1,240000,1,2,100,Q1 - Small,0
0,0,0,0,0,0,0,0,0,0,0,0,0,0,0,0,0,0,0,1,210000,3,3,153,Q2 - Medium,0
0,0,0,0,0,0,0,0,0,0,1,0,0,0,0,0,0,0,0,0,880000,2,5,164,Q3 - Large,0
0,0,0,0,0,0,0,0,0,0,1,0,0,0,0,0,0,0,0,0,660000,3,5,202,Q3 - Large,0
0,0,0,0,0,0,0,0,0,0,1,0,0,0,0,0,0,0,0,0,625000,2,3,125,Q2 - Medium,0
0,0,0,0,0,0,0,0,0,0,1,0,0,0,0,0,0,0,0,0,199000,1,2,66,Q1 - Small,0
0,0,0,0,0,0,0,0,0,0,0,0,0,1,0,0,0,0,0,0,249900,1,2,70,Q1 - Small,0
0,0,0,0,0,0,0,0,0,0,0,0,0,1,0,0,0,0,0,0,259000,1,2,54,Q1 - Small,0
0,0,0,0,0,0,0,0,0,0,0,0,0,1,0,0,0,0,0,0,449900,2,3,105,Q2 - Medium,0
0,0,0,0,0,1,0,0,0,0,0,0,0,0,0,0,0,0,0,0,1920000,3,3,183,Q3 - Large,0
0,0,0,0,0,1,0,0,0,0,0,0,0,0,0,0,0,0,0,0,1590750,3,3,116,Q2 - Medium,0
0,0,0,0,0,1,0,0,0,0,0,0,0,0,0,0,0,0,0,0,5700000,5,4,305,Q4 - Very Large,0
0,0,0,0,0,1,0,0,0,0,0,0,0,0,0,0,0,0,0,0,3950000,5,4,291,Q4 - Very Large,0
0,0,0,0,0,1,0,0,0,0,0,0,0,0,0,0,0,0,0,0,1300000,4,3,133,Q2 - Medium,0
0,0,0,0,0,1,0,0,0,0,0,0,0,0,0,0,0,0,0,0,2600000,3,4,247,Q3 - Large,0
0,0,0,0,0,1,0,0,0,0,0,0,0,0,0,0,0,0,0,0,1300000,4,3,121,Q2 - Medium,0
0,0,0,0,0,1,0,0,0,0,0,0,0,0,0,0,0,0,0,0,1750000,3,2,150,Q2 - Medium,0
0,0,0,0,0,1,0,0,0,0,0,0,0,0,0,0,0,0,0,0,5500000,4,4,299,Q4 - Very Large,0
0,0,0,0,0,1,0,0,0,0,0,0,0,0,0,0,0,0,0,0,1920000,3,3,211,Q3 - Large,0
0,0,0,0,0,1,0,0,0,0,0,0,0,0,0,0,0,0,0,0,1650000,2,2,137,Q2 - Medium,0
0,0,0,0,0,1,0,0,0,0,0,0,0,0,0,0,0,0,0,0,5000000,4,3,447,Q4 - Very Large,0
0,0,0,0,0,1,0,0,0,0,0,0,0,0,0,0,0,0,0,0,2390000,4,4,200,Q3 - Large,0
0,0,0,0,0,1,0,0,0,0,0,0,0,0,0,0,0,0,0,0,1598000,3,3,116,Q2 - Medium,0
0,0,0,0,0,1,0,0,0,0,0,0,0,0,0,0,0,0,0,0,1200000,2,2,114,Q2 - Medium,0
0,0,0,0,0,1,0,0,0,0,0,0,0,0,0,0,0,0,0,0,1750000,3,2,143,Q2 - Medium,0
0,0,0,0,0,1,0,0,0,0,0,0,0,0,0,0,0,0,0,0,8900000,6,5,713,Q4 - Very Large,0
0,0,0,0,0,1,0,0,0,0,0,0,0,0,0,0,0,0,0,0,990000,2,3,102,Q1 - Small,0
0,0,0,0,0,1,0,0,0,0,0,0,0,0,0,0,0,0,0,0,1490000,2,3,120,Q2 - Medium,0
0,0,0,0,0,1,0,0,0,0,0,0,0,0,0,0,0,0,0,0,730000,1,1,81,Q1 - Small,0
0,0,1,0,0,0,0,0,0,0,0,0,0,0,0,0,0,0,0,0,359000,1,1,86,Q1 - Small,0
0,0,1,0,0,0,0,0,0,0,0,0,0,0,0,0,0,0,0,0,262500,1,1,63,Q1 - Small,0
0,0,0,0,0,0,0,0,0,0,0,0,0,0,0,0,1,0,0,0,1125000,3,3,173,Q3 - Large,0
0,0,0,0,0,0,0,0,0,0,0,0,0,0,0,0,1,0,0,0,1200000,2,2,124,Q2 - Medium,0
0,0,0,0,0,0,0,0,0,0,0,0,0,0,0,0,1,0,0,0,557000,2,3,91,Q1 - Small,0
0,0,0,0,0,0,0,0,0,0,0,0,0,0,0,0,1,0,0,0,695000,2,4,125,Q2 - Medium,0
0,0,0,0,0,0,0,0,0,0,0,0,0,0,0,0,1,0,0,0,1230000,4,3,225,Q3 - Large,0
0,0,0,0,0,0,0,0,0,0,0,0,0,0,0,0,1,0,0,0,990000,2,3,146,Q2 - Medium,0
0,0,0,0,0,0,0,0,0,0,0,0,0,0,0,0,1,0,0,0,1150000,3,4,158,Q2 - Medium,0
0,0,0,0,0,0,0,0,0,0,0,0,0,0,0,0,1,0,0,0,735000,2,2,107,Q2 - Medium,0
0,0,0,0,0,0,0,0,0,0,0,0,0,0,0,0,1,0,0,0,599000,2,3,106,Q2 - Medium,0
0,0,0,0,0,0,0,0,0,0,0,0,0,0,0,0,1,0,0,0,670000,2,3,140,Q2 - Medium,0
0,0,0,0,0,0,0,0,0,0,0,0,0,0,0,0,1,0,0,0,769000,2,2,198,Q3 - Large,0
0,0,0,0,0,0,0,0,0,0,0,0,0,0,0,0,1,0,0,0,1360000,3,2,210,Q3 - Large,0
0,0,0,0,0,0,0,0,0,0,0,0,0,0,0,0,1,0,0,0,880000,3,3,167,Q3 - Large,0
0,0,0,0,0,0,0,0,0,0,0,0,0,0,0,0,1,0,0,0,800000,2,3,158,Q2 - Medium,0
0,0,0,0,0,0,0,0,0,0,0,0,0,0,0,0,1,0,0,0,660000,2,2,88,Q1 - Small,0
0,0,0,0,0,0,0,0,0,0,0,0,0,0,0,0,1,0,0,0,1125000,2,4,142,Q2 - Medium,0
0,0,0,0,0,0,0,0,0,0,0,0,0,0,0,0,1,0,0,0,1050000,2,2,180,Q3 - Large,0
0,0,0,0,0,0,0,0,0,0,0,0,0,0,0,0,1,0,0,0,2100000,2,2,131,Q2 - Medium,0
0,0,0,0,0,0,0,0,0,0,0,0,0,0,0,0,1,0,0,0,750000,3,2,109,Q2 - Medium,0
0,0,0,0,0,0,0,0,0,0,0,0,0,0,0,0,1,0,0,0,670000,2,3,105,Q2 - Medium,0
0,0,0,0,0,0,0,0,0,0,0,0,0,0,0,0,1,0,0,0,635000,3,4,151,Q2 - Medium,0
0,0,1,0,0,0,0,0,0,0,0,0,0,0,0,0,0,0,0,0,1175000,5,5,360,Q4 - Very Large,1
0,0,1,0,0,0,0,0,0,0,0,0,0,0,0,0,0,0,0,0,379900,1,3,116,Q2 - Medium,0
0,0,1,0,0,0,0,0,0,0,0,0,0,0,0,0,0,0,0,0,720000,2,3,212,Q3 - Large,0
0,0,1,0,0,0,0,0,0,0,0,0,0,0,0,0,0,0,0,0,1250000,5,4,367,Q4 - Very Large,1
0,0,1,0,0,0,0,0,0,0,0,0,0,0,0,0,0,0,0,0,535000,3,4,133,Q2 - Medium,0
0,0,1,0,0,0,0,0,0,0,0,0,0,0,0,0,0,0,0,0,970000,4,4,279,Q4 - Very Large,1
0,0,1,0,0,0,0,0,0,0,0,0,0,0,0,0,0,0,0,0,720000,2,3,212,Q3 - Large,0
0,0,1,0,0,0,0,0,0,0,0,0,0,0,0,0,0,0,0,0,375000,2,1,313,Q4 - Very Large,0
0,0,1,0,0,0,0,0,0,0,0,0,0,0,0,0,0,0,0,0,990000,4,3,320,Q4 - Very Large,1
0,0,1,0,0,0,0,0,0,0,0,0,0,0,0,0,0,0,0,0,1150000,5,4,370,Q4 - Very Large,1
0,0,1,0,0,0,0,0,0,0,0,0,0,0,0,0,0,0,0,0,1250000,4,4,367,Q4 - Very Large,1
0,0,0,0,0,0,0,0,0,0,0,0,0,0,0,0,0,0,0,1,180000,1,2,92,Q1 - Small,0
0,0,0,0,0,0,0,0,0,0,0,0,0,0,0,0,0,0,0,1,125000,1,1,62,Q1 - Small,0
1,0,0,0,0,0,0,0,0,0,0,0,0,0,0,0,0,0,0,0,179000,1,3,84,Q1 - Small,0
0,0,0,0,0,0,0,0,1,0,0,0,0,0,0,0,0,0,0,0,229000,2,3,118,Q2 - Medium,0
0,0,0,0,0,0,0,0,1,0,0,0,0,0,0,0,0,0,0,0,335000,2,2,70,Q1 - Small,0
0,0,0,0,0,0,0,0,1,0,0,0,0,0,0,0,0,0,0,0,285000,2,2,91,Q1 - Small,0
0,0,0,0,0,0,0,0,1,0,0,0,0,0,0,0,0,0,0,0,140000,1,2,56,Q1 - Small,0
0,0,0,0,0,0,0,0,0,0,0,0,0,1,0,0,0,0,0,0,1150000,4,5,254,Q3 - Large,0
0,0,0,0,0,0,0,0,0,0,0,1,0,0,0,0,0,0,0,0,555000,2,3,110,Q2 - Medium,0
0,0,1,0,0,0,0,0,0,0,0,0,0,0,0,0,0,0,0,0,132000,1,1,46,Q1 - Small,0
0,0,1,0,0,0,0,0,0,0,0,0,0,0,0,0,0,0,0,0,269900,2,3,85,Q1 - Small,0
0,0,1,0,0,0,0,0,0,0,0,0,0,0,0,0,0,0,0,0,290000,1,1,96,Q1 - Small,0
0,0,1,0,0,0,0,0,0,0,0,0,0,0,0,0,0,0,0,0,1097900,3,4,203,Q3 - Large,1
0,0,1,0,0,0,0,0,0,0,0,0,0,0,0,0,0,0,0,0,1078900,3,4,239,Q3 - Large,1
0,0,1,0,0,0,0,0,0,0,0,0,0,0,0,0,0,0,0,0,389000,2,2,96,Q1 - Small,0
0,0,1,0,0,0,0,0,0,0,0,0,0,0,0,0,0,0,0,0,122000,1,2,48,Q1 - Small,0
0,0,0,0,0,0,0,0,0,0,0,0,1,0,0,0,0,0,0,0,752248,2,3,132,Q2 - Medium,0
0,0,0,0,0,0,0,0,0,0,0,0,1,0,0,0,0,0,0,0,899000,1,5,144,Q2 - Medium,0
0,0,0,0,0,0,0,0,0,0,0,0,1,0,0,0,0,0,0,0,859000,2,2,88,Q1 - Small,0
0,0,0,0,0,0,0,0,0,0,0,0,1,0,0,0,0,0,0,0,749000,2,2,104,Q1 - Small,0
0,0,0,0,0,0,0,0,0,0,0,0,1,0,0,0,0,0,0,0,2000000,1,3,142,Q2 - Medium,0
0,0,0,0,0,0,0,0,0,0,0,0,1,0,0,0,0,0,0,0,919000,3,3,112,Q2 - Medium,0
0,0,0,0,0,0,0,0,0,0,0,0,1,0,0,0,0,0,0,0,989000,3,3,112,Q2 - Medium,0
0,0,0,0,0,0,0,0,0,0,0,0,1,0,0,0,0,0,0,0,350000,1,0,61,Q1 - Small,0
0,0,0,0,0,0,0,0,0,0,0,0,1,0,0,0,0,0,0,0,450000,1,2,60,Q1 - Small,0
0,0,0,0,0,0,0,0,0,0,0,0,1,0,0,0,0,0,0,0,690000,2,4,163,Q3 - Large,0
0,0,0,0,0,0,1,0,0,0,0,0,0,0,0,0,0,0,0,0,675000,2,2,102,Q1 - Small,0
0,0,0,0,0,0,1,0,0,0,0,0,0,0,0,0,0,0,0,0,1250000,3,4,230,Q3 - Large,0
0,0,0,0,0,0,1,0,0,0,0,0,0,0,0,0,0,0,0,0,1200000,3,4,209,Q3 - Large,0
0,0,0,0,0,0,1,0,0,0,0,0,0,0,0,0,0,0,0,0,1100000,2,3,247,Q3 - Large,0
0,0,0,0,0,0,1,0,0,0,0,0,0,0,0,0,0,0,0,0,1290000,3,3,211,Q3 - Large,0
0,0,0,0,0,0,1,0,0,0,0,0,0,0,0,0,0,0,0,0,1090000,3,4,208,Q3 - Large,0
0,0,0,0,0,0,1,0,0,0,0,0,0,0,0,0,0,0,0,0,585000,2,2,154,Q2 - Medium,0
0,0,0,0,0,0,1,0,0,0,0,0,0,0,0,0,0,0,0,0,1600000,4,4,249,Q3 - Large,0
0,0,0,0,0,0,1,0,0,0,0,0,0,0,0,0,0,0,0,0,1080000,2,4,270,Q4 - Very Large,0
0,0,0,0,1,0,0,0,0,0,0,0,0,0,0,0,0,0,0,0,253000,1,3,80,Q1 - Small,0
0,0,0,0,1,0,0,0,0,0,0,0,0,0,0,0,0,0,0,0,830000,3,4,232,Q3 - Large,1
0,1,0,0,0,0,0,0,0,0,0,0,0,0,0,0,0,0,0,0,338000,1,1,67,Q1 - Small,0
0,1,0,0,0,0,0,0,0,0,0,0,0,0,0,0,0,0,0,0,950000,2,4,169,Q3 - Large,0
0,1,0,0,0,0,0,0,0,0,0,0,0,0,0,0,0,0,0,0,1400000,3,2,138,Q2 - Medium,0
0,1,0,0,0,0,0,0,0,0,0,0,0,0,0,0,0,0,0,0,870000,2,4,169,Q3 - Large,0
0,1,0,0,0,0,0,0,0,0,0,0,0,0,0,0,0,0,0,0,1175000,2,2,153,Q2 - Medium,0
0,1,0,0,0,0,0,0,0,0,0,0,0,0,0,0,0,0,0,0,1490000,3,3,145,Q2 - Medium,0
0,1,0,0,0,0,0,0,0,0,0,0,0,0,0,0,0,0,0,0,1259000,3,3,157,Q2 - Medium,0
0,1,0,0,0,0,0,0,0,0,0,0,0,0,0,0,0,0,0,0,870000,2,2,91,Q1 - Small,0
0,1,0,0,0,0,0,0,0,0,0,0,0,0,0,0,0,0,0,0,565000,1,2,62,Q1 - Small,0
0,1,0,0,0,0,0,0,0,0,0,0,0,0,0,0,0,0,0,0,308000,1,2,54,Q1 - Small,0
0,1,0,0,0,0,0,0,0,0,0,0,0,0,0,0,0,0,0,0,785000,2,2,116,Q2 - Medium,0
0,1,0,0,0,0,0,0,0,0,0,0,0,0,0,0,0,0,0,0,950000,2,3,125,Q2 - Medium,0
0,1,0,0,0,0,0,0,0,0,0,0,0,0,0,0,0,0,0,0,865000,2,2,127,Q2 - Medium,0
0,0,0,0,0,0,1,0,0,0,0,0,0,0,0,0,0,0,0,0,260000,1,2,66,Q1 - Small,0
0,0,0,0,0,0,1,0,0,0,0,0,0,0,0,0,0,0,0,0,475000,1,1,79,Q1 - Small,0
0,0,0,0,0,0,1,0,0,0,0,0,0,0,0,0,0,0,0,0,349000,1,1,80,Q1 - Small,0
0,0,0,0,0,0,1,0,0,0,0,0,0,0,0,0,0,0,0,0,388000,1,1,61,Q1 - Small,0
0,0,0,0,0,0,1,0,0,0,0,0,0,0,0,0,0,0,0,0,388000,1,1,61,Q1 - Small,0
0,0,0,0,0,0,1,0,0,0,0,0,0,0,0,0,0,0,0,0,445000,2,3,104,Q1 - Small,0
0,0,0,0,0,0,1,0,0,0,0,0,0,0,0,0,0,0,0,0,758500,2,3,170,Q3 - Large,0
0,0,0,0,0,0,1,0,0,0,0,0,0,0,0,0,0,0,0,0,417500,2,2,96,Q1 - Small,0
0,0,0,0,0,0,1,0,0,0,0,0,0,0,0,0,0,0,0,0,391000,2,2,104,Q1 - Small,0
0,0,0,0,0,0,1,0,0,0,0,0,0,0,0,0,0,0,0,0,447500,2,2,96,Q1 - Small,0
0,0,0,0,0,0,1,0,0,0,0,0,0,0,0,0,0,0,0,0,465000,2,2,104,Q1 - Small,0
0,0,0,0,0,0,0,0,0,0,0,1,0,0,0,0,0,0,0,0,875000,2,3,140,Q2 - Medium,0
0,0,0,0,0,0,0,0,0,0,0,1,0,0,0,0,0,0,0,0,749700,2,3,143,Q2 - Medium,0
0,0,0,0,0,0,0,0,0,0,0,1,0,0,0,0,0,0,0,0,782300,2,3,193,Q3 - Large,0
0,0,0,0,0,0,0,0,0,0,0,1,0,0,0,0,0,0,0,0,735000,2,3,120,Q2 - Medium,0
0,0,0,0,0,0,0,0,0,0,0,1,0,0,0,0,0,0,0,0,880000,3,4,180,Q3 - Large,0
0,0,0,1,0,0,0,0,0,0,0,0,0,0,0,0,0,0,0,0,1038800,3,3,205,Q3 - Large,0
0,0,0,1,0,0,0,0,0,0,0,0,0,0,0,0,0,0,0,0,1200000,4,4,421,Q4 - Very Large,0
0,0,0,1,0,0,0,0,0,0,0,0,0,0,0,0,0,0,0,0,2500000,10,11,761,Q4 - Very Large,1
0,0,0,1,0,0,0,0,0,0,0,0,0,0,0,0,0,0,0,0,490000,2,3,108,Q2 - Medium,0
0,0,0,1,0,0,0,0,0,0,0,0,0,0,0,0,0,0,0,0,385000,2,3,92,Q1 - Small,0
0,0,0,1,0,0,0,0,0,0,0,0,0,0,0,0,0,0,0,0,675000,2,3,151,Q2 - Medium,0
0,1,0,0,0,0,0,0,0,0,0,0,0,0,0,0,0,0,0,0,1295000,3,4,229,Q3 - Large,0
0,1,0,0,0,0,0,0,0,0,0,0,0,0,0,0,0,0,0,0,890000,2,3,121,Q2 - Medium,0
0,1,0,0,0,0,0,0,0,0,0,0,0,0,0,0,0,0,0,0,745000,3,4,153,Q2 - Medium,0
0,1,0,0,0,0,0,0,0,0,0,0,0,0,0,0,0,0,0,0,1225000,3,5,229,Q3 - Large,0
0,1,0,0,0,0,0,0,0,0,0,0,0,0,0,0,0,0,0,0,1220000,3,5,194,Q3 - Large,0
0,1,0,0,0,0,0,0,0,0,0,0,0,0,0,0,0,0,0,0,990000,3,5,194,Q3 - Large,0
0,0,0,0,0,0,0,0,0,0,0,0,0,1,0,0,0,0,0,0,137000,1,2,68,Q1 - Small,0
0,0,0,0,0,0,0,0,0,0,0,0,0,1,0,0,0,0,0,0,310000,1,2,89,Q1 - Small,0
0,0,0,0,0,0,0,0,0,0,0,0,0,1,0,0,0,0,0,0,198000,1,3,70,Q1 - Small,0
0,0,0,0,0,0,0,0,0,0,0,0,0,1,0,0,0,0,0,0,259900,1,2,61,Q1 - Small,0
0,0,0,0,0,0,1,0,0,0,0,0,0,0,0,0,0,0,0,0,910000,4,5,207,Q3 - Large,0
0,0,0,0,0,0,1,0,0,0,0,0,0,0,0,0,0,0,0,0,910000,4,5,207,Q3 - Large,0
0,0,0,0,0,0,0,0,0,0,0,1,0,0,0,0,0,0,0,0,899000,2,3,204,Q3 - Large,0
0,0,0,0,0,0,0,0,1,0,0,0,0,0,0,0,0,0,0,0,239900,2,4,157,Q2 - Medium,0
0,0,0,0,0,0,0,0,1,0,0,0,0,0,0,0,0,0,0,0,155000,1,1,43,Q1 - Small,0
1,0,0,0,0,0,0,0,0,0,0,0,0,0,0,0,0,0,0,0,164000,1,3,67,Q1 - Small,0
