age,management,technician,entrepreneur,blue-collar,unknown,retired,admin.,services,self-employed,unemployed,housemaid,student,married,single,divorced,tertiary,secondary,primary,default,balance,housing,loan,contact,day,month,campaign,pdays,previous,poutcome,y
33,0,0,0,0,0,0,1,0,0,0,0,0,1,0,0,1,0,0,0,568,0,0,cellular,7,jul,1,-1,0,unknown,0
30,0,0,0,1,0,0,0,0,0,0,0,0,0,1,0,0,1,0,0,931,1,0,unknown,30,may,7,-1,0,unknown,0
31,0,0,0,0,0,0,0,1,0,0,0,0,1,0,0,0,0,1,0,-212,0,1,cellular,20,nov,4,-1,0,unknown,0
45,1,0,0,0,0,0,0,0,0,0,0,0,1,0,0,0,1,0,0,25,0,0,cellular,29,jan,3,-1,0,unknown,0
28,0,0,0,0,0,0,0,0,0,0,0,1,0,1,0,0,1,0,0,4716,1,0,unknown,26,may,2,-1,0,unknown,0
65,0,0,0,0,0,1,0,0,0,0,0,0,1,0,0,0,0,1,0,1760,0,0,cellular,18,aug,4,-1,0,unknown,1
57,1,0,0,0,0,0,0,0,0,0,0,0,1,0,0,1,0,0,0,113,0,0,cellular,3,feb,2,-1,0,unknown,0
26,0,0,0,0,0,0,0,1,0,0,0,0,0,1,0,0,1,0,0,598,1,0,cellular,5,feb,2,272,1,other,0
72,0,0,0,0,1,1,0,0,0,0,0,0,1,0,0,0,0,0,0,1940,0,0,telephone,4,dec,2,-1,0,unknown,1
49,0,0,0,1,0,0,0,0,0,0,0,0,1,0,0,0,0,1,0,3,0,1,cellular,9,jul,6,-1,0,unknown,1
51,0,0,0,1,0,0,0,0,0,0,0,0,1,0,0,0,1,0,0,4787,1,0,cellular,7,apr,1,-1,0,unknown,1
40,0,0,0,0,0,0,1,0,0,0,0,0,1,0,0,0,1,0,0,168,1,0,cellular,7,may,2,169,1,failure,0
44,0,0,0,0,0,0,0,1,0,0,0,0,0,0,1,0,1,0,0,130,1,0,cellular,14,may,1,371,1,failure,0
36,0,0,0,0,0,0,0,1,0,0,0,0,1,0,0,0,1,0,0,11462,1,0,cellular,20,nov,1,-1,0,unknown,1
37,1,0,0,0,0,0,0,0,0,0,0,0,1,0,0,1,0,0,0,2987,1,0,cellular,13,may,1,87,10,success,1
25,0,0,0,0,1,0,0,0,0,0,0,1,0,1,0,0,0,0,0,722,0,0,telephone,21,apr,2,-1,0,unknown,1
43,0,0,0,1,0,0,0,0,0,0,0,0,1,0,0,0,1,0,0,1149,0,0,telephone,29,jul,2,-1,0,unknown,0
69,0,1,0,0,0,0,0,0,0,0,0,0,1,0,0,1,0,0,0,482,0,0,cellular,29,jul,1,267,1,failure,1
49,1,0,0,0,0,0,0,0,0,0,0,0,1,0,0,1,0,0,0,561,0,0,cellular,15,jun,1,-1,0,unknown,1
31,0,1,0,0,0,0,0,0,0,0,0,0,1,0,0,1,0,0,0,4575,1,0,telephone,18,may,1,-1,0,unknown,0
46,0,1,0,0,1,0,0,0,0,0,0,0,1,0,0,0,0,0,0,3308,0,0,cellular,28,jul,2,-1,0,unknown,1
58,0,0,0,0,0,0,1,0,0,0,0,0,1,0,0,0,1,0,0,2160,1,1,cellular,5,may,1,-1,0,unknown,1
57,0,0,0,1,0,0,0,0,0,0,0,0,1,0,0,0,0,1,0,3109,0,0,cellular,15,sep,2,105,2,success,1
24,1,0,0,0,0,0,0,0,0,0,0,0,1,0,0,0,1,0,0,2278,1,0,unknown,27,may,4,-1,0,unknown,0
30,0,1,0,0,0,0,0,0,0,0,0,0,0,1,0,1,0,0,0,880,1,1,unknown,19,may,6,-1,0,unknown,1
35,1,0,0,0,0,0,0,0,0,0,0,0,0,1,0,1,0,0,0,80,0,0,cellular,4,sep,2,94,1,other,1
43,1,0,0,0,0,0,0,0,0,0,0,0,1,0,0,0,1,0,0,107,1,1,telephone,28,oct,1,-1,0,unknown,1
53,0,0,0,1,0,0,0,0,0,0,0,0,1,0,0,0,0,1,0,1409,1,0,cellular,2,apr,1,287,1,failure,0
30,0,0,0,1,0,0,0,0,0,0,0,0,1,0,0,0,1,0,0,15,1,1,cellular,14,may,1,370,2,failure,0
33,0,0,0,0,0,0,0,1,0,0,0,0,0,1,0,1,0,0,0,395,1,0,cellular,23,jul,6,-1,0,unknown,1
37,1,0,0,0,0,0,0,0,0,0,0,0,1,0,0,0,1,0,0,341,0,0,unknown,3,jun,2,-1,0,unknown,0
40,0,0,0,0,0,0,1,0,0,0,0,0,1,0,0,0,1,0,0,2574,1,0,cellular,20,nov,1,-1,0,unknown,0
45,0,0,0,0,0,0,0,0,0,1,0,0,1,0,0,0,0,1,0,0,1,0,cellular,2,feb,2,-1,0,unknown,0
37,0,0,0,1,0,0,0,0,0,0,0,0,1,0,0,0,1,0,0,3884,1,0,cellular,20,apr,5,-1,0,unknown,0
49,0,1,0,0,0,0,0,0,0,0,0,0,1,0,0,0,1,0,0,2,0,0,cellular,19,aug,8,-1,0,unknown,0
35,0,0,0,0,1,0,0,0,0,0,1,0,0,1,0,0,0,0,0,4378,0,0,unknown,9,jun,3,-1,0,unknown,0
32,0,1,0,0,0,0,0,0,0,0,0,0,0,1,0,1,0,0,0,190,1,1,unknown,9,may,1,-1,0,unknown,0
77,0,0,0,0,0,1,0,0,0,0,0,0,1,0,0,0,1,0,0,1208,0,0,telephone,28,apr,4,-1,0,unknown,0
47,0,0,0,1,0,0,0,0,0,0,0,0,1,0,0,0,0,1,0,4157,0,0,unknown,11,jun,3,-1,0,unknown,0
27,0,0,0,0,0,0,0,0,0,0,0,1,0,1,0,1,0,0,0,1,0,0,cellular,25,jul,1,-1,0,unknown,0
60,0,0,0,0,0,1,0,0,0,0,0,0,1,0,0,0,1,0,0,2722,0,0,cellular,12,aug,2,-1,0,unknown,1
44,0,0,0,0,0,0,0,1,0,0,0,0,1,0,0,0,1,0,0,972,1,0,cellular,30,jul,3,-1,0,unknown,0
32,0,0,0,0,0,0,0,0,1,0,0,0,1,0,0,0,1,0,0,409,0,0,cellular,9,mar,2,-1,0,unknown,1
54,1,0,0,0,0,0,0,0,0,0,0,0,1,0,0,1,0,0,0,534,0,0,cellular,1,jun,2,-1,0,unknown,1
43,0,0,0,1,0,0,0,0,0,0,0,0,1,0,0,0,1,0,0,3549,1,0,cellular,15,may,5,-1,0,unknown,0
35,1,0,0,0,0,0,0,0,0,0,0,0,0,1,0,1,0,0,0,397,1,0,cellular,17,apr,1,-1,0,unknown,1
35,1,0,0,0,0,0,0,0,0,0,0,0,1,0,0,1,0,0,0,867,1,0,cellular,20,nov,2,171,3,success,0
33,1,0,0,0,0,0,0,0,0,0,0,0,0,1,0,1,0,0,0,2364,0,0,cellular,17,may,1,-1,0,unknown,1
45,0,0,0,1,0,0,0,0,0,0,0,0,0,1,0,0,0,1,0,4289,1,0,unknown,9,jun,1,-1,0,unknown,0
53,0,0,0,1,0,0,0,0,0,0,0,0,1,0,0,0,1,0,0,6112,0,0,cellular,3,feb,1,-1,0,unknown,1
35,0,0,1,0,0,0,0,0,0,0,0,0,1,0,0,0,0,1,0,2643,0,1,cellular,8,jul,1,-1,0,unknown,0
70,0,0,0,0,0,1,0,0,0,0,0,0,1,0,0,0,0,1,0,2346,0,0,cellular,24,feb,1,184,5,failure,1
28,0,0,0,0,0,0,1,0,0,0,0,0,0,1,0,0,1,0,0,0,1,1,cellular,18,may,5,-1,0,unknown,1
29,0,0,0,0,0,0,0,0,0,0,0,1,0,1,0,1,0,0,0,1679,0,0,cellular,2,feb,2,-1,0,unknown,0
32,0,0,0,1,0,0,0,0,0,0,0,0,1,0,0,0,1,0,0,254,1,0,cellular,19,nov,3,-1,0,unknown,1
43,0,1,0,0,0,0,0,0,0,0,0,0,1,0,0,0,1,0,0,253,0,0,cellular,21,aug,5,-1,0,unknown,0
45,0,0,0,0,0,0,0,1,0,0,0,0,0,0,1,0,1,0,0,608,1,1,cellular,7,may,3,323,30,failure,1
58,1,0,0,0,0,0,0,0,0,0,0,0,0,0,1,0,1,0,0,10180,0,0,cellular,3,mar,2,-1,0,unknown,1
27,0,0,0,0,0,0,0,1,0,0,0,0,0,1,0,0,1,0,0,339,0,0,cellular,4,jun,1,-1,0,unknown,1
42,0,1,0,0,0,0,0,0,0,0,0,0,1,0,0,1,0,0,0,13410,0,1,cellular,14,aug,2,-1,0,unknown,0
41,0,0,0,0,0,0,0,0,0,1,0,0,1,0,0,0,1,0,0,2423,1,0,cellular,4,feb,1,-1,0,unknown,0
43,0,1,0,0,0,0,0,0,0,0,0,0,1,0,0,0,1,0,0,136,0,0,cellular,25,aug,7,-1,0,unknown,1
42,0,0,0,1,0,0,0,0,0,0,0,0,1,0,0,0,1,0,0,88,1,0,cellular,12,may,2,-1,0,unknown,0
27,1,0,0,0,0,0,0,0,0,0,0,0,0,1,0,1,0,0,0,107,0,0,cellular,18,oct,3,-1,0,unknown,1
49,0,1,0,0,0,0,0,0,0,0,0,0,1,0,0,1,0,0,0,3726,0,0,cellular,5,aug,2,-1,0,unknown,1
27,0,1,0,0,0,0,0,0,0,0,0,0,0,1,0,0,1,0,0,158,0,0,unknown,1,jul,2,-1,0,unknown,1
44,0,0,0,1,0,0,0,0,0,0,0,0,0,1,0,0,0,1,0,10984,0,0,unknown,20,jun,18,-1,0,unknown,0
31,0,0,0,1,0,0,0,0,0,0,0,0,1,0,0,0,1,0,0,-723,1,0,cellular,25,jul,2,-1,0,unknown,0
48,0,0,0,1,0,0,0,0,0,0,0,0,1,0,0,0,1,0,0,1596,1,0,unknown,14,may,1,-1,0,unknown,1
36,1,0,0,0,0,0,0,0,0,0,0,0,1,0,0,1,0,0,0,446,1,0,telephone,16,jul,5,-1,0,unknown,0
36,0,0,0,0,0,0,1,0,0,0,0,0,1,0,0,1,0,0,0,29,0,0,cellular,12,aug,1,-1,0,unknown,1
27,0,0,0,0,0,0,1,0,0,0,0,0,0,1,0,0,1,0,0,261,1,1,cellular,3,jun,4,-1,0,unknown,1
29,0,0,0,0,0,0,1,0,0,0,0,0,0,1,0,0,1,0,0,-44,1,0,unknown,13,may,4,-1,0,unknown,0
47,0,0,0,1,0,0,0,0,0,0,0,0,1,0,0,0,1,0,0,-216,1,0,cellular,6,may,1,282,3,failure,0
32,0,0,0,1,0,0,0,0,0,0,0,0,1,0,0,0,1,0,1,-1,1,0,unknown,9,may,1,-1,0,unknown,1
34,0,1,0,0,0,0,0,0,0,0,0,0,0,1,0,1,0,0,0,586,1,0,unknown,16,may,2,-1,0,unknown,0
28,0,1,0,0,0,0,0,0,0,0,0,0,0,1,0,1,0,0,0,0,1,0,cellular,25,may,1,40,2,failure,1
40,0,0,0,0,0,0,0,1,0,0,0,0,0,1,0,0,1,0,0,224,1,0,cellular,17,apr,2,-1,0,unknown,1
39,0,0,0,0,0,0,0,0,1,0,0,0,0,0,1,1,0,0,0,155,0,0,cellular,19,nov,2,-1,0,unknown,0
26,1,0,0,0,0,0,0,0,0,0,0,0,0,1,0,1,0,0,0,1004,1,0,unknown,30,may,2,-1,0,unknown,1
45,0,0,0,0,0,0,1,0,0,0,0,0,0,0,1,0,1,0,0,-176,0,1,cellular,7,jul,1,-1,0,unknown,1
41,0,1,0,0,0,0,0,0,0,0,0,0,0,0,1,0,1,0,0,4047,1,0,cellular,18,feb,1,-1,0,unknown,1
31,0,0,0,0,0,0,1,0,0,0,0,0,0,1,0,0,1,0,0,190,0,0,cellular,30,apr,1,-1,0,unknown,1
33,1,0,0,0,0,0,0,0,0,0,0,0,1,0,0,1,0,0,0,864,1,0,cellular,20,apr,1,235,19,failure,0
76,0,0,0,0,0,1,0,0,0,0,0,0,0,0,1,0,0,1,0,802,0,0,cellular,9,sep,5,-1,0,unknown,1
37,0,1,0,0,0,0,0,0,0,0,0,0,0,1,0,0,1,0,0,-242,1,0,cellular,13,aug,6,-1,0,unknown,1
65,0,0,0,0,0,1,0,0,0,0,0,0,1,0,0,1,0,0,0,1153,0,0,cellular,3,feb,1,-1,0,unknown,0
38,1,0,0,0,0,0,0,0,0,0,0,0,1,0,0,1,0,0,0,595,1,0,cellular,18,nov,1,-1,0,unknown,0
41,0,1,0,0,0,0,0,0,0,0,0,0,0,1,0,0,1,0,0,32,1,0,cellular,7,may,1,-1,0,unknown,0
30,1,0,0,0,0,0,0,0,0,0,0,0,1,0,0,0,1,0,0,-559,1,1,cellular,7,may,1,167,2,failure,0
27,0,1,0,0,0,0,0,0,0,0,0,0,0,1,0,1,0,0,0,667,0,0,cellular,29,jan,2,-1,0,unknown,1
47,0,0,0,0,0,0,1,0,0,0,0,0,0,0,1,0,1,0,0,555,1,1,telephone,17,oct,1,-1,0,unknown,1
53,0,1,0,0,0,0,0,0,0,0,0,0,0,0,1,0,1,0,0,45,0,0,unknown,28,may,6,-1,0,unknown,0
33,0,1,0,0,0,0,0,0,0,0,0,0,1,0,0,1,0,0,0,0,0,0,cellular,30,apr,2,-1,0,unknown,1
59,0,0,0,0,0,1,0,0,0,0,0,0,1,0,0,1,0,0,0,422,1,0,cellular,14,may,4,-1,0,unknown,1
35,0,0,0,0,0,0,0,0,1,0,0,0,0,1,0,1,0,0,0,4693,1,0,cellular,21,nov,5,-1,0,unknown,0
30,0,0,0,1,0,0,0,0,0,0,0,0,0,1,0,0,1,0,0,1598,1,0,cellular,10,jul,1,-1,0,unknown,1
46,0,0,0,1,0,0,0,0,0,0,0,0,0,1,0,0,0,1,0,96,1,0,cellular,16,apr,1,148,1,failure,0
50,0,0,0,0,0,0,1,0,0,0,0,0,0,1,0,0,0,1,0,181,1,0,cellular,15,may,4,372,3,failure,0
31,0,1,0,0,0,0,0,0,0,0,0,0,0,1,0,0,1,0,0,13,0,0,cellular,21,nov,1,-1,0,unknown,0
32,0,1,0,0,0,0,0,0,0,0,0,0,0,1,0,1,0,0,0,388,0,0,cellular,29,apr,3,-1,0,unknown,1
56,0,0,0,1,0,0,0,0,0,0,0,0,1,0,0,0,1,0,0,1210,0,0,unknown,11,jun,1,-1,0,unknown,1
29,0,0,0,0,1,0,0,0,0,0,0,1,0,1,0,0,0,0,0,7585,0,0,cellular,3,mar,2,198,1,failure,1
38,0,0,0,0,0,0,1,0,0,0,0,0,0,0,1,0,1,0,0,308,1,0,unknown,6,may,1,-1,0,unknown,0
68,0,0,0,0,0,1,0,0,0,0,0,0,0,0,1,0,0,1,0,2027,0,0,cellular,15,jun,2,92,2,success,1
31,0,1,0,0,0,0,0,0,0,0,0,0,0,1,0,0,1,0,0,388,0,0,cellular,11,aug,2,-1,0,unknown,0
41,1,0,0,0,0,0,0,0,0,0,0,0,1,0,0,1,0,0,0,2127,0,0,cellular,8,aug,7,-1,0,unknown,0
36,1,0,0,0,0,0,0,0,0,0,0,0,1,0,0,1,0,0,0,495,0,0,cellular,11,sep,1,37,5,success,1
85,0,0,0,0,0,1,0,0,0,0,0,0,1,0,0,0,0,1,0,12114,0,0,telephone,12,feb,2,-1,0,unknown,1
36,0,0,0,0,0,0,1,0,0,0,0,0,1,0,0,0,1,0,0,957,1,0,unknown,21,may,1,-1,0,unknown,0
51,0,0,0,0,0,1,0,0,0,0,0,0,1,0,0,0,1,0,0,1435,0,0,unknown,11,jun,1,-1,0,unknown,1
27,0,1,0,0,0,0,0,0,0,0,0,0,0,1,0,1,0,0,0,1075,0,0,cellular,2,sep,2,184,1,success,1
27,0,0,0,0,0,0,0,1,0,0,0,0,0,1,0,0,1,0,0,482,1,0,unknown,6,jun,2,-1,0,unknown,0
32,0,1,0,0,0,0,0,0,0,0,0,0,1,0,0,0,1,0,0,465,1,0,cellular,12,may,2,-1,0,unknown,0
35,0,0,0,1,0,0,0,0,0,0,0,0,1,0,0,0,0,1,0,396,1,0,cellular,20,apr,1,-1,0,unknown,0
65,0,0,1,0,0,0,0,0,0,0,0,0,1,0,0,1,0,0,0,2331,0,0,telephone,11,aug,1,183,2,success,1
77,0,0,0,0,0,1,0,0,0,0,0,0,1,0,0,0,0,1,0,680,0,0,telephone,27,nov,4,94,3,failure,0
48,0,1,0,0,0,0,0,0,0,0,0,0,0,1,0,0,1,0,0,329,0,0,cellular,23,jul,1,-1,0,unknown,0
51,0,0,0,0,0,0,1,0,0,0,0,0,1,0,0,0,1,0,0,0,0,0,telephone,20,nov,5,-1,0,unknown,0
26,0,0,0,0,0,0,0,0,0,0,0,1,0,1,0,0,1,0,0,655,0,0,cellular,16,sep,1,-1,0,unknown,1
53,0,0,0,0,0,0,0,0,0,0,1,0,1,0,0,0,0,1,0,362,0,0,cellular,28,jul,2,-1,0,unknown,1
45,0,0,0,0,0,0,0,0,1,0,0,0,1,0,0,0,1,0,0,845,0,0,unknown,20,jun,4,-1,0,unknown,0
37,0,0,0,1,0,0,0,0,0,0,0,0,1,0,0,0,0,1,0,3154,1,0,cellular,17,apr,1,305,3,failure,1
41,1,0,0,0,0,0,0,0,0,0,0,0,0,0,1,1,0,0,0,5037,0,0,cellular,23,apr,9,185,5,other,1
58,0,0,0,0,0,0,0,0,1,0,0,0,0,0,1,1,0,0,0,1382,0,0,unknown,9,jun,1,-1,0,unknown,1
55,0,0,0,1,0,0,0,0,0,0,0,0,1,0,0,0,1,0,0,233,1,0,cellular,5,may,2,351,3,failure,0
50,0,0,0,0,1,0,0,0,0,0,0,0,1,0,0,0,0,0,0,558,0,0,cellular,9,jul,1,683,6,failure,1
76,1,0,0,0,1,0,0,0,0,0,0,0,1,0,0,0,0,0,0,1780,1,0,telephone,23,apr,3,-1,0,unknown,1
35,0,1,0,0,0,0,0,0,0,0,0,0,0,1,0,0,1,0,0,1693,1,0,cellular,10,feb,1,-1,0,unknown,1
26,0,0,0,0,0,0,0,0,0,1,0,0,0,1,0,0,1,0,0,771,0,0,cellular,22,jun,1,109,1,failure,0
29,0,0,0,0,0,0,0,0,0,0,0,1,0,1,0,0,1,0,0,459,0,0,cellular,15,dec,3,189,19,other,1
34,1,0,0,0,0,0,0,0,0,0,0,0,1,0,0,1,0,0,0,606,0,0,cellular,20,apr,1,-1,0,unknown,1
62,1,0,0,0,0,0,0,0,0,0,0,0,1,0,0,1,0,0,0,2785,0,0,cellular,6,jul,3,-1,0,unknown,1
43,0,1,0,0,0,0,0,0,0,0,0,0,1,0,0,0,1,0,0,0,0,1,cellular,8,may,2,172,5,failure,0
67,0,0,0,0,1,1,0,0,0,0,0,0,1,0,0,0,0,0,0,2540,0,0,telephone,14,sep,3,92,9,success,1
39,0,0,0,0,0,0,0,1,0,0,0,0,0,0,1,0,1,0,0,-152,1,0,cellular,3,apr,3,-1,0,unknown,0
41,0,0,0,0,0,0,1,0,0,0,0,0,0,0,1,0,1,0,0,639,1,0,cellular,8,may,1,-1,0,unknown,0
33,1,0,0,0,0,0,0,0,0,0,0,0,0,1,0,1,0,0,0,215,1,0,cellular,13,apr,1,17,1,failure,0
45,0,0,0,0,0,0,1,0,0,0,0,0,0,0,1,0,1,0,0,397,1,1,cellular,22,may,1,95,2,success,1
54,0,0,1,0,0,0,0,0,0,0,0,0,1,0,0,1,0,0,0,1544,0,1,cellular,24,jul,3,-1,0,unknown,0
31,1,0,0,0,0,0,0,0,0,0,0,0,0,1,0,1,0,0,0,409,0,1,cellular,9,jul,5,-1,0,unknown,1
26,0,0,0,0,0,0,0,0,0,0,0,1,0,1,0,0,1,0,0,1164,0,0,cellular,9,jul,1,301,1,other,0
35,0,0,0,1,0,0,0,0,0,0,0,0,0,0,1,0,0,1,0,1792,1,0,cellular,31,jul,6,-1,0,unknown,1
37,0,0,0,0,0,0,0,1,0,0,0,0,1,0,0,0,1,0,0,4017,0,0,cellular,16,oct,1,-1,0,unknown,1
36,0,0,0,0,0,0,1,0,0,0,0,0,0,1,0,0,1,0,0,245,1,0,cellular,6,may,1,-1,0,unknown,0
46,0,0,0,0,0,0,0,1,0,0,0,0,1,0,0,0,1,0,0,-522,1,0,cellular,31,jul,2,-1,0,unknown,0
57,0,0,0,1,1,0,0,0,0,0,0,0,1,0,0,0,0,0,0,97,1,0,unknown,16,may,6,-1,0,unknown,0
36,1,0,0,0,0,0,0,0,0,0,0,0,1,0,0,1,0,0,0,673,1,0,cellular,16,jul,1,-1,0,unknown,1
32,0,0,0,1,0,0,0,0,0,0,0,0,1,0,0,0,1,0,0,1905,1,0,cellular,16,jul,2,-1,0,unknown,1
30,1,0,0,0,0,0,0,0,0,0,0,0,1,0,0,1,0,0,0,32,1,0,unknown,6,may,3,-1,0,unknown,0
31,1,0,0,0,0,0,0,0,0,0,0,0,0,1,0,1,0,0,0,59,1,1,cellular,6,may,2,363,1,failure,1
35,1,0,0,0,0,0,0,0,0,0,0,0,0,0,1,1,0,0,0,1723,1,0,cellular,25,jul,1,-1,0,unknown,1
60,0,0,0,0,0,1,0,0,0,0,0,0,0,0,1,0,0,1,0,1327,1,1,unknown,14,may,1,-1,0,unknown,0
35,0,0,0,1,1,0,0,0,0,0,0,0,1,0,0,0,0,0,0,4822,1,0,unknown,20,may,2,-1,0,unknown,1
50,1,0,0,0,0,0,0,0,0,0,0,0,1,0,0,1,0,0,0,3463,0,1,cellular,28,oct,1,-1,0,unknown,1
29,0,0,0,0,0,0,1,0,0,0,0,0,0,1,0,0,1,0,0,345,1,1,cellular,30,jul,13,-1,0,unknown,0
46,0,0,0,1,0,0,0,0,0,0,0,0,1,0,0,0,1,0,0,1685,1,0,cellular,29,aug,2,-1,0,unknown,0
56,0,0,0,1,0,0,0,0,0,0,0,0,1,0,0,0,0,1,0,-85,1,1,unknown,26,may,1,-1,0,unknown,0
53,0,0,0,1,0,0,0,0,0,0,0,0,1,0,0,0,0,1,0,-294,1,1,cellular,31,jul,22,-1,0,unknown,0
43,0,1,0,0,0,0,0,0,0,0,0,0,0,0,1,0,1,0,0,1648,0,0,cellular,17,nov,1,-1,0,unknown,0
48,0,0,0,0,0,0,1,0,0,0,0,0,0,0,1,0,1,0,0,362,0,0,cellular,13,aug,1,-1,0,unknown,1
51,0,0,0,0,0,0,0,0,0,0,1,0,1,0,0,1,0,0,0,390,1,0,cellular,30,jul,3,-1,0,unknown,0
33,0,0,0,0,0,0,0,1,0,0,0,0,1,0,0,0,1,0,0,386,0,0,cellular,12,nov,1,92,4,failure,1
35,0,0,0,1,0,0,0,0,0,0,0,0,0,1,0,0,1,0,0,4963,1,0,cellular,14,may,1,300,1,failure,1
30,1,0,0,0,0,0,0,0,0,0,0,0,0,1,0,1,0,0,0,57,1,0,cellular,4,feb,2,-1,0,unknown,0
34,0,0,0,1,0,0,0,0,0,0,0,0,1,0,0,0,0,1,0,-1,1,0,cellular,18,may,6,355,1,other,1
57,0,0,0,0,0,1,0,0,0,0,0,0,0,0,1,0,0,1,1,0,0,1,cellular,24,jul,2,-1,0,unknown,0
24,1,0,0,0,0,0,0,0,0,0,0,0,0,1,0,1,0,0,0,172,0,0,cellular,3,jul,2,-1,0,unknown,0
42,0,0,0,0,0,0,1,0,0,0,0,0,0,0,1,0,1,0,0,2129,0,0,cellular,13,aug,1,182,2,other,1
33,0,0,0,0,0,0,1,0,0,0,0,0,0,1,0,0,1,0,0,16,1,1,cellular,3,jun,1,-1,0,unknown,0
49,0,1,0,0,0,0,0,0,0,0,0,0,1,0,0,0,1,0,0,1269,1,0,unknown,16,may,2,-1,0,unknown,0
30,0,1,0,0,0,0,0,0,0,0,0,0,1,0,0,1,0,0,0,423,1,0,cellular,21,aug,2,-1,0,unknown,0
60,0,0,0,0,0,1,0,0,0,0,0,0,0,0,1,1,0,0,0,979,1,0,cellular,15,jan,3,347,1,failure,1
40,0,1,0,0,0,0,0,0,0,0,0,0,1,0,0,0,1,0,0,56,0,0,cellular,29,aug,2,-1,0,unknown,0
40,1,0,0,0,0,0,0,0,0,0,0,0,0,0,1,1,0,0,0,492,0,1,cellular,7,jul,2,-1,0,unknown,0
38,0,0,0,0,1,0,0,0,0,0,0,1,0,1,0,0,0,0,0,9669,0,0,unknown,20,jun,3,-1,0,unknown,0
46,0,0,0,1,0,0,0,0,0,0,0,0,1,0,0,0,0,1,0,0,0,0,cellular,6,aug,4,-1,0,unknown,0
43,0,1,0,0,0,0,0,0,0,0,0,0,1,0,0,1,0,0,0,2643,0,0,telephone,4,may,5,-1,0,unknown,1
28,0,0,0,1,0,0,0,0,0,0,0,0,0,1,0,0,1,0,0,-197,1,0,unknown,9,may,2,-1,0,unknown,1
28,0,0,0,0,0,0,0,0,0,0,0,1,0,1,0,0,1,0,0,69,0,0,cellular,30,jan,2,-1,0,unknown,1
27,1,0,0,0,0,0,0,0,0,0,0,0,0,1,0,1,0,0,0,1720,0,0,cellular,15,jun,1,224,3,success,1
38,0,0,0,1,0,0,0,0,0,0,0,0,1,0,0,0,0,1,0,1630,1,0,cellular,17,jun,3,94,19,other,0
30,1,0,0,0,0,0,0,0,0,0,0,0,1,0,0,1,0,0,0,1567,1,0,cellular,12,aug,4,-1,0,unknown,1
42,1,0,0,0,0,0,0,0,0,0,0,0,0,0,1,0,1,0,0,283,1,0,cellular,23,jul,1,-1,0,unknown,1
37,0,1,0,0,0,0,0,0,0,0,0,0,1,0,0,0,1,0,0,2707,1,0,telephone,16,jul,1,-1,0,unknown,0
33,0,0,0,1,0,0,0,0,0,0,0,0,1,0,0,0,0,1,0,-191,1,1,cellular,9,jul,4,-1,0,unknown,1
54,0,0,0,0,0,1,0,0,0,0,0,0,1,0,0,0,1,0,0,1371,0,0,telephone,25,jul,2,-1,0,unknown,1
30,0,0,0,1,1,0,0,0,0,0,0,0,0,1,0,0,0,0,0,694,1,1,cellular,18,may,1,306,4,success,0
41,0,0,0,1,0,0,0,0,0,0,0,0,1,0,0,0,1,0,0,153,1,0,unknown,27,may,1,-1,0,unknown,0
77,0,0,0,0,0,1,0,0,0,0,0,0,0,0,1,1,0,0,0,4659,0,0,cellular,14,apr,1,-1,0,unknown,1
25,0,0,0,1,0,0,0,0,0,0,0,0,1,0,0,0,1,0,0,51,1,0,unknown,23,may,2,-1,0,unknown,0
41,0,0,0,0,1,0,0,0,0,0,0,0,0,1,0,0,0,0,0,1259,0,0,unknown,11,jun,8,-1,0,unknown,0
34,0,1,0,0,0,0,0,0,0,0,0,0,1,0,0,0,1,0,0,-126,1,0,cellular,17,apr,2,-1,0,unknown,0
54,1,0,0,0,0,0,0,0,0,0,0,0,1,0,0,1,0,0,0,2650,1,1,cellular,19,nov,1,-1,0,unknown,0
73,0,0,0,0,0,1,0,0,0,0,0,0,1,0,0,0,0,1,0,934,0,0,cellular,14,sep,5,-1,0,unknown,1
44,0,0,0,0,0,0,0,1,0,0,0,0,0,1,0,0,1,0,0,618,0,0,cellular,12,may,1,-1,0,unknown,1
47,0,1,0,0,0,0,0,0,0,0,0,0,0,0,1,0,1,0,0,431,0,1,unknown,17,jun,9,-1,0,unknown,0
42,0,0,0,0,1,0,0,0,0,0,1,0,1,0,0,0,0,0,0,302,1,0,cellular,11,jul,2,-1,0,unknown,0
27,0,1,0,0,0,0,0,0,0,0,0,0,1,0,0,0,1,0,0,2183,1,1,unknown,21,may,1,-1,0,unknown,1
30,0,0,0,0,0,0,1,0,0,0,0,0,0,1,0,0,1,0,0,387,1,0,unknown,8,may,1,-1,0,unknown,0
39,0,1,0,0,0,0,0,0,0,0,0,0,1,0,0,0,1,0,0,116,0,0,cellular,22,may,2,-1,0,unknown,1
58,0,0,0,0,1,0,0,0,0,0,0,0,1,0,0,0,0,0,0,68,0,0,cellular,2,apr,1,-1,0,unknown,1
29,0,0,0,1,0,0,0,0,0,0,0,0,1,0,0,0,1,0,0,297,1,0,cellular,17,apr,2,-1,0,unknown,0
61,0,0,0,0,0,1,0,0,0,0,0,0,1,0,0,1,0,0,0,2557,1,0,cellular,10,nov,1,91,4,success,1
34,0,0,0,1,0,0,0,0,0,0,0,0,1,0,0,0,0,1,0,244,1,0,unknown,27,may,13,-1,0,unknown,0
42,0,1,0,0,0,0,0,0,0,0,0,0,1,0,0,1,0,0,0,644,1,0,unknown,7,may,1,-1,0,unknown,0
24,0,0,0,0,1,0,0,0,0,0,0,1,0,1,0,0,0,0,0,358,0,0,cellular,14,jun,1,384,1,other,1
36,0,0,0,1,0,0,0,0,0,0,0,0,1,0,0,0,1,0,0,753,1,0,unknown,12,jun,1,-1,0,unknown,0
32,1,0,0,0,0,0,0,0,0,0,0,0,1,0,0,1,0,0,0,376,1,0,cellular,23,mar,4,-1,0,unknown,1
51,0,1,0,0,0,0,0,0,0,0,0,0,1,0,0,0,1,0,0,271,1,0,unknown,28,may,3,-1,0,unknown,0
42,0,0,0,0,0,0,0,1,0,0,0,0,1,0,0,0,1,0,0,-141,1,1,cellular,13,may,3,345,3,failure,0
41,0,0,0,1,0,0,0,0,0,0,0,0,1,0,0,0,1,0,0,1165,0,0,unknown,12,jun,3,-1,0,unknown,0
35,1,0,0,0,0,0,0,0,0,0,0,0,1,0,0,0,1,0,0,616,0,1,cellular,7,aug,2,-1,0,unknown,0
30,0,0,0,0,0,0,0,0,0,0,0,1,0,1,0,1,0,0,0,3026,0,0,cellular,23,jul,1,535,1,failure,1
32,0,0,0,0,0,0,0,1,0,0,0,0,0,1,0,0,1,0,0,772,1,0,unknown,15,may,3,-1,0,unknown,1
55,0,0,0,0,0,0,0,0,0,1,0,0,0,0,1,0,1,0,0,387,1,0,unknown,6,may,1,-1,0,unknown,1
57,0,0,0,0,0,1,0,0,0,0,0,0,1,0,0,1,0,0,0,-5,0,0,cellular,10,jul,1,-1,0,unknown,0
34,0,0,0,0,1,0,0,0,0,0,0,0,0,1,0,0,1,0,0,859,0,0,cellular,28,jan,1,-1,0,unknown,1
42,1,0,0,0,0,0,0,0,0,0,0,0,1,0,0,1,0,0,0,6060,1,0,cellular,30,apr,1,350,2,failure,1
53,0,0,0,1,0,0,0,0,0,0,0,0,1,0,0,0,0,1,0,436,1,0,unknown,29,may,1,-1,0,unknown,0
62,1,0,0,0,0,0,0,0,0,0,0,0,1,0,0,1,0,0,0,557,0,0,cellular,14,aug,1,-1,0,unknown,1
27,0,0,0,0,0,0,1,0,0,0,0,0,0,1,0,0,1,0,0,4590,1,0,cellular,10,nov,4,89,3,failure,1
47,0,0,0,0,0,0,0,0,0,1,0,0,1,0,0,0,1,0,0,955,1,0,unknown,13,may,1,-1,0,unknown,0
54,0,0,0,0,0,1,0,0,0,0,0,0,1,0,0,1,0,0,0,1778,0,0,cellular,14,aug,1,268,2,failure,0
40,0,0,0,0,0,0,0,1,0,0,0,0,1,0,0,0,1,0,0,429,0,0,unknown,5,jun,2,-1,0,unknown,0
30,1,0,0,0,0,0,0,0,0,0,0,0,0,1,0,1,0,0,0,3625,1,0,unknown,23,may,2,-1,0,unknown,0
32,0,0,0,0,0,0,1,0,0,0,0,0,1,0,0,1,0,0,0,118,0,0,cellular,21,nov,4,176,10,failure,0
38,0,0,0,0,0,0,1,0,0,0,0,0,1,0,0,0,0,1,0,464,0,1,unknown,11,jun,2,-1,0,unknown,0
55,0,0,0,0,0,1,0,0,0,0,0,0,1,0,0,0,0,1,0,173,0,0,cellular,7,aug,2,-1,0,unknown,0
48,0,0,0,1,0,0,0,0,0,0,0,0,1,0,0,0,1,0,0,1405,1,0,unknown,14,may,2,-1,0,unknown,1
35,1,0,0,0,0,0,0,0,0,0,0,0,0,0,1,1,0,0,0,434,1,0,cellular,13,aug,2,-1,0,unknown,1
50,1,0,0,0,0,0,0,0,0,0,0,0,1,0,0,1,0,0,0,469,0,0,cellular,16,oct,1,183,1,success,1
35,0,0,0,0,0,0,0,0,0,1,0,0,0,1,0,0,0,1,0,68,0,0,cellular,3,jul,1,-1,0,unknown,1
33,0,0,0,1,0,0,0,0,0,0,0,0,0,1,0,0,1,0,0,778,1,0,cellular,16,apr,1,-1,0,unknown,0
52,0,0,0,0,0,0,1,0,0,0,0,0,1,0,0,0,1,0,0,422,0,0,unknown,19,jun,1,-1,0,unknown,0
56,0,0,0,1,0,0,0,0,0,0,0,0,1,0,0,0,1,0,0,276,0,0,cellular,5,aug,1,-1,0,unknown,0
35,0,0,0,1,0,0,0,0,0,0,0,0,0,1,0,0,1,0,0,546,1,0,cellular,13,may,2,-1,0,unknown,0
36,0,0,0,1,0,0,0,0,0,0,0,0,0,0,1,0,1,0,0,638,1,0,unknown,16,jun,2,-1,0,unknown,1
35,0,0,0,0,0,0,0,0,0,1,0,0,1,0,0,0,0,1,0,4564,1,0,telephone,5,feb,1,-1,0,unknown,0
55,0,0,0,0,0,0,1,0,0,0,0,0,1,0,0,1,0,0,0,46,0,0,cellular,29,aug,4,-1,0,unknown,0
53,0,0,0,0,0,0,1,0,0,0,0,0,1,0,0,0,1,0,0,1739,1,0,unknown,15,may,3,-1,0,unknown,0
74,0,0,0,0,0,1,0,0,0,0,0,0,1,0,0,0,0,1,0,670,0,0,cellular,23,apr,5,-1,0,unknown,1
67,0,0,0,0,0,1,0,0,0,0,0,0,1,0,0,0,1,0,0,203,0,0,cellular,11,oct,1,266,2,success,1
46,1,0,0,0,0,0,0,0,0,0,0,0,1,0,0,0,1,0,0,430,1,0,cellular,18,nov,1,-1,0,unknown,0
37,0,0,0,0,1,0,0,0,0,0,1,0,1,0,0,0,0,0,0,3075,0,0,unknown,20,jun,3,-1,0,unknown,0
26,0,1,0,0,0,0,0,0,0,0,0,0,0,1,0,1,0,0,0,-67,1,0,cellular,15,may,1,-1,0,unknown,1
32,1,0,0,0,0,0,0,0,0,0,0,0,1,0,0,1,0,0,0,71,0,0,cellular,6,aug,3,-1,0,unknown,0
43,0,1,0,0,0,0,0,0,0,0,0,0,1,0,0,0,1,0,0,-754,1,1,cellular,9,jul,3,-1,0,unknown,1
32,1,0,0,0,0,0,0,0,0,0,0,0,0,1,0,0,1,0,0,131,1,1,cellular,23,jul,2,-1,0,unknown,1
37,0,0,1,0,0,0,0,0,0,0,0,0,1,0,0,1,0,0,0,189,0,0,cellular,2,jun,2,-1,0,unknown,1
30,0,0,0,1,0,0,0,0,0,0,0,0,1,0,0,0,1,0,0,2493,0,0,cellular,28,jan,2,-1,0,unknown,1
29,0,0,0,1,0,0,0,0,0,0,0,0,1,0,0,0,0,1,0,258,1,0,unknown,26,may,1,-1,0,unknown,0
37,1,0,0,0,0,0,0,0,0,0,0,0,1,0,0,0,1,0,0,565,0,0,cellular,29,apr,1,398,1,success,1
42,1,0,0,0,0,0,0,0,0,0,0,0,1,0,0,1,0,0,0,4,1,0,cellular,8,may,2,295,1,success,1
31,0,1,0,0,0,0,0,0,0,0,0,0,0,1,0,0,1,0,0,118,0,0,cellular,2,feb,1,-1,0,unknown,0
36,0,0,0,1,0,0,0,0,0,0,0,0,1,0,0,0,1,0,0,937,1,0,telephone,2,feb,4,-1,0,unknown,0
38,0,1,0,0,0,0,0,0,0,0,0,0,0,0,1,1,0,0,0,915,1,0,cellular,5,feb,7,266,4,other,0
43,1,0,0,0,0,0,0,0,0,0,0,0,1,0,0,1,0,0,0,177,1,0,cellular,10,jul,1,-1,0,unknown,0
40,0,1,0,0,0,0,0,0,0,0,0,0,1,0,0,1,0,0,0,2946,0,0,unknown,9,jun,2,-1,0,unknown,0
71,0,0,0,0,0,0,0,0,0,0,1,0,0,0,1,0,0,1,0,1311,0,0,cellular,10,nov,2,91,1,success,1
59,0,0,0,0,0,0,0,0,1,0,0,0,1,0,0,1,0,0,0,2013,0,0,cellular,19,feb,4,94,2,success,1
47,0,0,0,1,0,0,0,0,0,0,0,0,1,0,0,0,1,0,0,1230,1,0,cellular,30,apr,1,169,1,success,1
34,0,0,0,0,0,0,1,0,0,0,0,0,0,1,0,0,1,0,0,0,1,0,cellular,11,may,1,301,3,failure,0
50,0,0,0,1,0,0,0,0,0,0,0,0,1,0,0,0,0,1,0,8000,1,0,cellular,20,aug,10,-1,0,unknown,0
60,0,0,0,0,0,0,1,0,0,0,0,0,1,0,0,0,1,0,0,1880,1,0,unknown,15,may,4,-1,0,unknown,0
27,0,0,0,0,0,0,1,0,0,0,0,0,1,0,0,0,1,0,0,897,0,0,cellular,5,jun,1,-1,0,unknown,1
56,0,0,0,0,0,1,0,0,0,0,0,0,0,0,1,1,0,0,0,13094,0,0,cellular,25,may,1,-1,0,unknown,1
64,0,0,0,0,0,1,0,0,0,0,0,0,0,0,1,0,0,1,0,109,0,0,cellular,23,jun,1,225,2,success,1
32,1,0,0,0,0,0,0,0,0,0,0,0,0,1,0,1,0,0,0,20,0,0,cellular,14,aug,2,-1,0,unknown,1
32,0,0,0,0,0,0,0,1,0,0,0,0,1,0,0,0,1,0,0,252,1,1,cellular,25,jul,4,-1,0,unknown,0
29,1,0,0,0,0,0,0,0,0,0,0,0,0,1,0,1,0,0,0,268,0,0,cellular,16,apr,1,-1,0,unknown,1
35,0,0,0,1,0,0,0,0,0,0,0,0,1,0,0,0,0,1,0,159,1,1,cellular,12,may,1,-1,0,unknown,1
52,0,1,0,0,0,0,0,0,0,0,0,0,0,0,1,0,1,0,0,137,1,0,unknown,30,may,3,-1,0,unknown,0
24,1,0,0,0,0,0,0,0,0,0,0,0,0,1,0,1,0,0,0,393,0,0,cellular,27,sep,1,-1,0,unknown,1
34,0,0,0,0,0,0,0,1,0,0,0,0,1,0,0,0,1,0,0,0,1,0,unknown,19,may,4,-1,0,unknown,0
54,0,0,0,1,0,0,0,0,0,0,0,0,1,0,0,0,0,1,0,532,0,0,telephone,31,jul,2,-1,0,unknown,0
50,0,0,0,0,0,0,0,0,0,0,1,0,1,0,0,0,0,1,0,0,0,0,unknown,20,jun,2,-1,0,unknown,0
43,0,0,1,0,0,0,0,0,0,0,0,0,1,0,0,1,0,0,0,5506,0,1,unknown,6,jun,1,-1,0,unknown,0
57,0,0,0,1,0,0,0,0,0,0,0,0,1,0,0,0,0,1,0,2892,1,0,unknown,4,jun,5,-1,0,unknown,0
35,0,1,0,0,0,0,0,0,0,0,0,0,0,1,0,0,1,0,0,399,1,0,cellular,13,may,2,345,3,failure,1
28,0,0,0,0,0,0,0,0,1,0,0,0,0,1,0,1,0,0,0,1579,0,0,cellular,13,jan,1,91,3,failure,1
51,0,0,0,0,0,1,0,0,0,0,0,0,1,0,0,0,0,1,0,1495,0,0,telephone,25,jul,4,-1,0,unknown,1
31,1,0,0,0,0,0,0,0,0,0,0,0,0,1,0,1,0,0,0,3340,0,0,cellular,15,sep,2,469,3,success,1
38,0,0,0,0,0,0,0,1,0,0,0,0,0,1,0,0,1,0,0,895,1,0,cellular,12,may,1,-1,0,unknown,1
38,0,1,0,0,0,0,0,0,0,0,0,0,0,1,0,0,1,0,0,3278,0,0,cellular,19,aug,14,-1,0,unknown,1
45,0,0,0,1,0,0,0,0,0,0,0,0,1,0,0,0,1,0,0,1723,0,0,cellular,1,jun,2,-1,0,unknown,1
39,0,1,0,0,0,0,0,0,0,0,0,0,1,0,0,0,1,0,0,-475,1,0,cellular,7,may,3,301,1,failure,0
25,0,0,0,1,0,0,0,0,0,0,0,0,0,1,0,0,0,1,0,292,1,1,cellular,18,may,2,-1,0,unknown,1
59,0,0,0,0,0,0,0,0,0,0,1,0,1,0,0,0,1,0,0,345,0,0,unknown,9,jun,1,-1,0,unknown,0
46,1,0,0,0,0,0,0,0,0,0,0,0,1,0,0,1,0,0,0,699,0,0,cellular,2,feb,1,-1,0,unknown,0
49,0,0,0,0,0,0,1,0,0,0,0,0,1,0,0,0,1,0,0,197,1,0,cellular,23,jul,1,101,3,success,0
55,0,0,0,0,0,0,1,0,0,0,0,0,1,0,0,0,1,0,0,2430,1,0,cellular,7,aug,2,-1,0,unknown,0
51,0,0,0,1,0,0,0,0,0,0,0,0,1,0,0,0,0,1,0,129,1,0,cellular,15,may,2,-1,0,unknown,1
62,0,0,0,0,0,1,0,0,0,0,0,0,1,0,0,0,1,0,0,569,0,0,cellular,3,aug,2,180,6,success,1
49,0,0,0,0,0,0,0,0,1,0,0,0,1,0,0,0,1,0,0,0,0,0,cellular,26,aug,6,-1,0,unknown,0
35,0,0,0,0,0,0,0,0,1,0,0,0,1,0,0,1,0,0,0,2427,0,0,cellular,12,aug,3,31,10,success,1
36,0,0,0,0,0,0,1,0,0,0,0,0,0,1,0,0,1,0,0,-207,0,0,cellular,2,feb,1,-1,0,unknown,0
49,0,1,0,0,0,0,0,0,0,0,0,0,1,0,0,0,0,1,0,1878,1,0,unknown,14,may,1,-1,0,unknown,0
50,0,0,0,0,0,1,0,0,0,0,0,0,1,0,0,0,1,0,0,0,1,1,unknown,17,jun,3,-1,0,unknown,0
54,0,0,0,1,0,0,0,0,0,0,0,0,0,0,1,0,0,1,0,4401,0,0,telephone,13,may,1,183,2,success,1
